,State_Name,Crop,2011,2012,2013,2014,2015,2016,2017,2018,2019,2020,,,,,
0,Andhra Pradesh,Arhar/Tur,24794.18,28276,30100.54,33987.57,36854.55,37745.24,38988.88,40600.07,41999.99,44002.36,,,,,
1,Andhra Pradesh,Bajra,20499.59,25938.29,30603.01,38822.33,43333.26,44983.21,46952.11,47583.56,47972.05,47321.23,,,,,
2,Andhra Pradesh,Banana,35089.03,36000,37621.04,39435,41327.08,48236.62,48777.33,50600,54000,56000,,,,,
3,Andhra Pradesh,Castor seed,25907.21,27432.32,28325.69,29941,33348.78,35612.01,39547.99,40654.02,41658.22,42373.85,,,,,
4,Andhra Pradesh,Coconut,66026.23,61097.14,66328.87,70870,75987.13,83111.28,87889.95,92045.74,98076.82,100021.31,,,,,
5,Andhra Pradesh,Coriander,11361.7,12384.41,13251.82,15429.09,16721.78,16999.98,18188.88,20916.67,22221.86,23876.01,,,,,
6,Andhra Pradesh,Cotton(lint),49401.41,51325.55,59669.66,67325.77,79837.62,82109.01,86000,91532.27,91956.33,92567.72,,,,,
7,Andhra Pradesh,Cowpea(Lobia),22098.32,25487.38,28754.69,29212,30101.37,33908.21,34653.14,36098.88,38181.15,39222,,,,,
8,Andhra Pradesh,Dry chillies,33087.47,35678.17,39830.15,44460.01,47988.38,48522.02,49865.25,50980.11,51098.92,53421.29 ,,,,,
9,Andhra Pradesh,Gram,27009.25,32111.11,37897.44,42890,47413.8,48900.28,50040.76,53547.02,55098.52,55752.43,,,,,
10,Andhra Pradesh,Groundnut,52622.39,52789.21,52987.01,53001.05,53753.88,61329.7,66968.96,70934.11,72312.58,76301.02,,,,,
11,Andhra Pradesh,Horse-gram,11992.24,1209.2,14578.03,15433.33,16789.01,17609.75,18897.32,19298.44,18314.52,18602.11,,,,,
12,Andhra Pradesh,Jowar,31448.52,32934.11,34568.21,36581.08,37177.3,40078.9,43254.32,58063.38,59099.23,59797.78,,,,,
13,Andhra Pradesh,Linseed,30997.8,31765.01,32845.56,35657.08,38097.02,40070.24,41444.44,45673.2,45679.99,46992.87,,,,,  
14,Andhra Pradesh,Maize,46228.5,5122.21,55876.25,63986.81,65916.32,69777.02,72676.09,77284.13,78463.24,79636.25,,,,,
15,Andhra Pradesh,Masoor,10002.23,10987.74,11547.45,12768.21,13437,13892.64,13999.32,14630.25,15239.29,15824,,,,,
16,Andhra Pradesh,Millets,9001.25,10256.58,11329.45,11876.36,12356.38,12999.09,13090,13509.26,1379.86,14111.11,,,,,
17,Andhra Pradesh,Moong(Green Gram),12787.6,14325.56,16006.32,20987.85,25132.57,25676.64,25987.65,26030.51,27896.32,28762.65,,,,,
18,Andhra Pradesh,Onion,55005.08,57000,70454.2,89026.32,125716.2,133458.02,140454.32,167046.99,170365.02,172564.32,,,,,
19,Andhra Pradesh,Paddy,51505.34,52960.25,57090.29,63567.13,78968.33,67908.98,76543.25,91224.81,77365,80001.2,,,,,
20,Andhra Pradesh,Peas and Beans,22950.21,23648.36,25874.63,27896.03,29634.28,30005.74,32698.02,33566.66,35698.21,38476.78,,,,,
21,Andhra Pradesh,Potato,64844.41,65387.32,70005.63,74125.08,79846.27,89035.21,92584.11,100333.22,97586.33,101010,,,,,
22,Andhra Pradesh,Ragi,44682.76,42367.23,45678.02,49658.72,54317.49,55005.3,58479.32,60189.37,59023.55,61543.22,,,,,
23,Andhra Pradesh,Safflower,17892.21,16790.02,19683.45,21584.36,22335.92,32574.89,36662.62,41607.59,42477.23,42983.01,,,,,
24,Andhra Pradesh,Sesamum,20002.01,16092.25,18990.21,17236.98,18234.33,18898.02,19026,19523.65,20021.12,22232.65,,,,,
25,Andhra Pradesh,Soyabean,26581.11,32658.87,39865.47,41325.01,40321.28,44467.76,47765.99,50421.07,52489.78,54214.7,,,,,
26,Andhra Pradesh,Sugarcane,127319,111609.21,129099.45,145987.3,163527.8,177890.02,184356.14,203849.25,196998.77,210332.33,,,,,
27,Andhra Pradesh,Sunflower,25132.62,26782.22,28564.21,30054.12,32370.95,31751.47,26748.57,28355.46,30148.47,33471.02,,,,,
28,Andhra Pradesh,Sweet potato,19365.48,22287.14,25364.86,27356.13,28564.33,30020,33303.33,35224.24,36524.01,38000,,,,,
29,Andhra Pradesh,Tobacco,50263.65,56894.36,61324.47,70360.87,73648.34,87234.21,95245.02,100583.62,103208.8,116918.03,,,,,
30,Andhra Pradesh,Turmeric,27452.24,25678.71,28091.16,30346.91,33487.42,36420.02,39080.57,40035.95,42786.83,45783,,,,,
31,Andhra Pradesh,Urad,20654.69,22547.14,25487.32,29476.32,33527.11,31277.14,32654.88,34847.96,35648.1,37895.08,,,,,
32,Andhra Pradesh,Wheat,38468.99,39547.25,40058.02,42897.88,45249.89,48012.45,540254.66,55977.46,56364.87,58000.27,,,,,
33,Andhra Pradesh,Rapeseed &Mustard,22645.54,24012.21,26789.25,30416.02,34818.04,45326.74,43568.55,48613.84,49587.41,50001.98,,,,,
34,Andhra Pradesh,Ginger,90054.23,112345.68,165890.83,176259.3,196357.34,222002,250486.63,288970.96,314258.37,322458.02,,,,,
35,Andhra Pradesh,Niger seed,10999.99,15026.33,13587.1,16478.42,17897.51,18020.22,20058.01,22662.69,25034.85,31023.5,,,,,
36,Andhra Pradesh,Garlic,19087.25,16824.21,18795.33,20149.01,22473.66,23487.75,25379.58,27776.86,29001.28,30250.99,,,,,
37,Arunachal Pradesh,Dry chillies,31850.01,33349.2,40769.14,44407.98,47123.22,49493.47,51151.69,55780.76,56476,57896.37,,,,,
38,Arunachal Pradesh,Ginger,90054.23,112345.68,165890.83,176259.3,196357.34,222002,250486.63,288970.96,322458.02,355001.82,,,,,
39,Arunachal Pradesh,Maize,22251.28,27890.45,34567.2,38201.33,41578.82,52222.22,56237.91,59432.83,63696.45,66852.02,,,,,
40,Arunachal Pradesh,Millets,9001.25,10256.58,11329.45,11876.36,12356.38,12999.09,13090,13509.26,1379.86,14111.11,,,,,
41,Arunachal Pradesh,Paddy,26884.47,30658.24,29752.01,32576.4,35297.98,41328.57,46000,48977.77,51748.32,55836.65,,,,,
42,Arunachal Pradesh,Potato,92566.41,93658.01,95384.27,97685.24,100001.11,102102.45,106147.28,105897.99,110587.3,114200.71,,,,,
43,Arunachal Pradesh,Sugarcane,108679.06,110587.3,114200.71,133445.28,145547.39,150248.97,177788.32,180749.03,190879.56,197364.42,,,,,
44,Arunachal Pradesh,Turmeric,25908.01,27776.86,29001.28,30250.99,34589.98,33487.24,37852,38470.47,39020.57,42368.89,,,,,
45,Arunachal Pradesh,Wheat,20367.33,22473.66,23487.75,25379.58,27776.86,29001.28,30250.99,33587.21,40327.02,44210.22,,,,,
46,Arunachal Pradesh,Groundnut,27897.36,29999.99,30789.43,35487.47,37984.87,39875.37,41287.25,45876.92,50044.83,55377.74,,,,,
47,Arunachal Pradesh,Rapeseed &Mustard,19496.09,22251.28,27890.45,34567.2,38201.33,41578.82,43258.02,44687.24,45278.85,48388.98,,,,,
48,Arunachal Pradesh,Sesamum,15398.29,16092.25,18990.21,17236.98,18234.33,18898.02,19026,19523.65,20021.12,24787.21,,,,,
49,Arunachal Pradesh,Soyabean,24036.33,31245.67,28401.01,30147.69,33472.14,36478.25,38471.41,48792.52,50044.33,57354.57,,,,,
50,Arunachal Pradesh,Sunflower,20361.77,25247.35,22876.34,24573.57,26785.35,28753.57,29410.48,30285.59,32233.33,34878.88,,,,,
51,Assam,Arhar/Tur,25398.25,22251.28,27890.45,34567.2,38201.33,41578.82,43258.02,44687.24,45278.85,48444.9,,,,,
52,Assam,Banana,33478.02,33487.42,36420.02,39080.57,40035.95,42786.83,45783,48369.91,50078.24,53247.86,,,,,
53,Assam,Castor seed,24036.33,31245.67,28401.01,30147.69,33472.14,36478.25,38471.41,37489.15,42042.01,43874.51,,,,,
54,Assam,Coconut,64844.41,65387.32,70005.63,74125.08,79846.27,89035.21,92584.11,100333.22,97586.33,101010,,,,,
55,Assam,Cotton(lint),38956.26,44682.76,42367.23,45678.02,49658.72,54317.49,55005.3,58479.32,60189.37,59023.55,,,,,
56,Assam,Dry chillies,38468.99,39547.25,40058.02,42897.88,45249.89,48012.45,540254.66,55977.46,56364.87,58000.27,,,,,
57,Assam,Ginger,90054.23,112345.68,165890.83,176259.3,196357.34,222002,250486.63,288970.96,322458.02,355001.82,,,,,
58,Assam,Gram,24687.24,26478.54,29783.88,27548.94,30300.17,32467.59,35566.33,38388.43,40044.87,44873.19,,,,,
59,Assam,Jute,41265.39,47558.94,53347.39,57756.91,60047,62740.33,64211.48,69789.99,72323.23,78646.63,,,,,
60,Assam,Linseed,28276,30100.54,33987.57,36854.55,37745.24,38988.88,40600.07,41999.99,44002.36,45047.31,,,,,
61,Assam,Maize,45653.22,47474.25,52789.21,52987.01,53001.05,53753.88,61329.7,66968.96,70934.11,72312.58,,,,,
62,Assam,Masoor,10002.23,10987.74,11547.45,12768.21,13437,13892.64,13999.32,14630.25,15239.29,15824,,,,,
63,Assam,Millets,9001.25,10256.58,11329.45,11876.36,12356.38,12999.09,13090,13509.26,1379.86,14111.11,,,,,
64,Assam,Moong(Green Gram),12349.24,145547.39,150248.97,177788.32,180749.03,25247.35,22876.34,24573.57,26785.35,28654.51,,,,,
65,Assam,Niger seed,9873.21,12486.75,15684.83,180749.03,25247.35,22876.34,24573.57,26785.35,28654.51,29643.48,,,,,
66,Assam,Onion,42539.22,50247.91,55005.08,57000,70454.2,89026.32,125716.2,133458.02,140454.32,167046.99,,,,,
67,Assam,Paddy,25884.38,27833.18,24036.33,31245.67,28401.01,30147.69,33472.14,36478.25,38471.41,37489.15,,,,,
68,Assam,Peas and Beans,22950.21,23648.36,25874.63,27896.03,29634.28,30005.74,32698.02,33566.66,35698.21,38476.78,,,,,
69,Assam,Potato,64844.41,65387.32,70005.63,74125.08,79846.27,89035.21,92584.11,100333.22,97586.33,101010,,,,,
70,Assam,Rapeseed &Mustard,18694.15,22174.72,29752.01,32576.4,35297.98,41328.57,46000,48977.77,51748.32,55836.65,,,,,
71,Assam,Sesamum,15398.29,16092.25,18990.21,17236.98,18234.33,18898.02,19026,19523.65,20021.12,24787.21,,,,,
72,Assam,Sugarcane,127319,111609.21,129099.45,145987.3,163527.8,177890.02,184356.14,203849.25,196998.77,210332.33,,,,,
73,Assam,Sweet potato,18795.33,20149.01,22473.66,23487.75,25379.58,27776.86,29001.28,30250.99,32573.33,35247.2,,,,,
74,Assam,Tobacco,49401.41,51325.55,59669.66,67325.77,79837.62,82109.01,86000,91532.27,91956.33,92567.72,,,,,
75,Assam,Turmeric,24687.24,26478.54,29783.88,27548.94,30300.17,32467.59,35566.33,38388.43,40044.87,44873.19,,,,,
76,Assam,Urad,18795.33,20149.01,22473.66,23487.75,25379.58,27776.86,29001.28,30250.99,32573.33,35247.2,,,,,
77,Assam,Wheat,33087.47,35678.17,39830.15,44460.01,47988.38,48522.02,49865.25,50980.11,51098.92,53421.29 ,,,,,
78,Bihar,Arhar/Tur,19292.1,11080.28,22098.32,25487.38,28754.69,29212,30101.37,33908.21,34653.14,36098.88,,,,,
79,Bihar,Bajra,19894.72,21266.84,22456.36,25491.87,27426.91,29753.48,30268.99,34463.8,38542.33,42002.34,,,,,
80,Bihar,Banana,33560.75,35255.5,38654.26,40265.88,42220.51,43001.94,44685.73,46785.48,50055.26,55844.96,,,,,
81,Bihar,Barley,31574.15,35255.5,38654.26,40265.88,42220.51,47901.84,50055.26,55844.96,57302.35,59486.15,,,,,
82,Bihar,Coriander,11685.97,12480,13902.02,15023.74,16742.05,17623.35,18620.94,20201.19,21358.41,22570.65,,,,,
83,Bihar,Cowpea(Lobia),22025.93,24681.24,25491.87,27426.91,29753.48,30268.99,34463.8,35873.82,37548.98,38542.33,,,,,
84,Bihar,Dry chillies,32480.25,33560.75,35255.5,38654.26,40265.88,42220.51,43001.94,47901.84,50055.26,55844.96,,,,,
85,Bihar,Garlic,17623.35,18620.94,20201.19,21358.41,22570.65,24681.24,25491.87,27426.91,29753.48,30268.99,,,,,
86,Bihar,Ginger,90258.48,111289.24,125732.94,145820.39,179522.01,199873.53,238734.82,267553,289302.73,312358.73,,,,,
87,Bihar,Gram,18795.33,20149.01,22473.66,23487.75,25379.58,27776.86,29001.28,30250.99,32573.33,35247.2,,,,,
88,Bihar,Groundnut,52483.01,56230.26,58649.34,60235.83,63579.68,65942.5,66487.91,69933.27,73684.92,76489.24,,,,,
89,Bihar,Horse-gram,11547.45,12768.21,13437,13892.64,13999.32,14630.25,15239.29,16524,17452.58,18476.25,,,,,
90,Bihar,Jowar,31574.15,35255.5,38654.26,40265.88,42220.51,47901.84,50055.26,55844.96,57302.35,59486.15,,,,,
91,Bihar,Jute,40265.88,42220.51,43001.94,47901.84,50055.26,55844.96,60235.83,63579.68,66487.91,69870.25,,,,,
92,Bihar,Linseed,30268.99,32480.25,33560.75,35255.5,38654.26,40265.88,42220.51,43001.94,44685.73,46785.48,,,,,
93,Bihar,Maize,23256.28,27640.99,29753.48,30268.99,35255.5,38654.26,44685.73,48463.29,50055.26,55844.96,,,,,
94,Bihar,Masoor,10002.23,10987.74,11547.45,12768.21,13437,13892.64,13999.32,14630.25,15239.29,15824,,,,,
95,Bihar,Millets,9001.25,10256.58,11329.45,11876.36,12356.38,12999.09,13090,13509.26,1379.86,14111.11,,,,,
96,Bihar,Moong(Green Gram),12768.21,13892.64,14630.25,16325.12,18754.26,20201.19,21358.41,22570.65,24681.24,25491.87,,,,,
97,Bihar,Onion,55005.08,93640.53,70454.2,89026.32,125716.2,133458.02,140454.32,167046.99,170365.02,172564.32,,,,,
98,Bihar,Paddy,33954.51,29869.33,30268.99,35255.5,38654.26,44685.73,48463.29,47707.15,50055.26,55844.96,,,,,
99,Bihar,Peas and Beans,23590.4,30559.5,32480.25,33560.75,34463.8,35255.5,37548.98,38246.57,39521.45,40265.88,,,,,
100,Bihar,Potato,55250.24,52992.7,58649.34,63579.68,69933.27,70454.2,76489.24,85284.7,89026.32,93640.53,,,,,
101,Bihar,Ragi,40265.88,42220.51,43001.94,47901.84,50055.26,52200.7,55844.96,59486.15,61381.63,60235.83,,,,,
102,Bihar,Rapeseed &Mustard,21729.52,25444.57,27426.91,29753.48,30268.99,34463.8,35873.82,38007.28,40265.88,42220.51,,,,,
103,Bihar,Safflower,17892.21,16790.02,19683.45,21584.36,22335.92,32574.89,36662.62,41607.59,42477.23,42983.01,,,,,
104,Bihar,Sesamum,12768.21,13892.64,14630.25,16325.12,18754.26,20201.19,21358.41,22570.65,24681.24,25491.87,,,,,
105,Bihar,Sugarcane,85966.23,67191.63,69933.27,73684.92,76489.24,83580.42,94267.83,113338.76,110573.95,125636.96,,,,,
106,Bihar,Sunflower,22025.93,24681.24,25491.87,27426.91,29753.48,30268.99,34463.8,35873.82,37548.98,38542.33,,,,,
107,Bihar,Sweet potato,18754.26,20201.19,21358.41,22570.65,24681.24,30268.99,34463.8,35873.82,37548.98,38542.33,,,,,
108,Bihar,Tobacco,55844.96,57302.35,60235.83,66487.91,73684.92,83580.42,87333.59,89026.32,94267.83,98573.24,,,,,
109,Bihar,Turmeric,26766.64,31252.96,35255.5,38654.26,40265.88,42220.51,43001.94,43897.67,44685.73,46785.48,,,,,
110,Bihar,Urad,14460.56,15945.79,16325.12,17002.97,17998.01,18754.26,19524.74,20670.64,21141.46,24681.24,,,,,
111,Bihar,Wheat,24347.8,26450.78,29753.48,34463.8,38007.28,42220.51,46785.48,49656.19,52992.7,55250.24,,,,,
112,Bihar,Castor seed,24681.24,26255.33,30354.34,28246.31,31548.24,33433.01,35200.69,39521.45,40347.68,41876.43,,,,,
113,Bihar,Niger seed,9873.21,12486.75,15684.83,180749.03,25247.35,22876.34,24573.57,26785.35,28654.51,29643.48,,,,,
114,Bihar,Cotton(lint),47520.33,52483.01,56230.26,58649.34,60235.83,63579.68,65942.5,66487.91,69933.27,73684.92,,,,,
115,Chandigarh,Arhar/Tur,22015.29,25336.87,26489.55,30148.23,32548.5,35249.99,36470,39427.53,41234.19,43305.33,,,,,
116,Chandigarh,Gram,14646.41,22226.27,24097.39,26489.55,30148.23,32548.5,35249.99,41588.31,43305.33,45022.66,,,,,
117,Chandigarh,Maize,26224.13,27539.49,30148.23,32548.5,35249.99,41588.31,43305.33,45604.96,55664.05,58034.25,,,,,
118,Chandigarh,Masoor,10002.23,10987.74,11547.45,12768.21,13437,13892.64,13999.32,14630.25,15239.29,15824,,,,,
119,Chandigarh,Moong(Green Gram),14347.47,17423.8,17999,18420.61,19584.82,20021.12,21470.87,22343.09,25487.14,27141.19,,,,,
120,Chandigarh,Onion,52348.77,59420.65,66945.16,77245.01,81235.25,83322.56,96583.21,102465.21,123493.49,134952.02,,,,,
121,Chandigarh,Paddy,44647.85,54810.01,54750.89,55836.65,57420.25,59748.37,61570.21,62749.73,63020.57,35249,,,,,
122,Chandigarh,Potato,96665.14,108621.3,124632.02,132045.14,144002.49,154978.98,166442.19,175276.95,178524.58,182045.87,,,,,
123,Chandigarh,Rapeseed &Mustard,20829.25,28041.38,29450.85,32707.06,35249.99,37002.15,38822.21,43305.33,45022.66,49254.42,,,,,
124,Chandigarh,Sunflower,25336.87,24097.39,27410.58,28041.38,29450.85,30148.23,31054.82,32707.06,34572.84,36487.2,,,,,
125,Chandigarh,Urad,16353.69,18608.35,210332.33,234688.75,25336.87,27410.58,28066.71,29495.26,32707.06,34201,,,,,
126,Chandigarh,Wheat,31630.89,40826.2,43305.33,45604.96,55664.05,58034.25,63369.59,69372.61,68423.32,70934.11,,,,,
127,Chhattisgarh,Arhar/Tur,19131.08,19993.36,21583.02,24875.31,26473.54,29900.95,32674.42,35204.88,37480.49,39758.86,,,,,
128,Chhattisgarh,Banana,34025.35,35208,37286.43,38425.88,40155.25,42133.73,43158.01,46879.64,48316.36,56473.41,,,,,
129,Chhattisgarh,Barley,25946.48,36272.45,36482.15,37347.33,40653.24,43344.14,44325.52,47850.16,55582.32,57826.34,,,,,
130,Chhattisgarh,Coriander,11456.34,12357.19,13572.59,15624.75,16753.98,17456.24,19159.39,20042.33,22255.62,24287.43,,,,,
131,Chhattisgarh,Cowpea(Lobia),22478.09,24016.68,25963.35,27516.9,29003.51,31064.62,33003.67,34957.78,36541.25,38592.01,,,,,
132,Chhattisgarh,Dry chillies,32015.32,34025.35,35208,37286.43,40137.94,42012.22,45031.86,47526.61,50193.53,52041.11,,,,,
133,Chhattisgarh,Ginger,102465.21,123493.49,134952.02,165489.24,195487.97,200495.46,222403,289634.14,274098.69,310348.74,,,,,
134,Chhattisgarh,Gram,16675.76,21487.06,222403,289634.14,274098.69,310348.74,33003.67,36464.04,38592.01,44325.52,,,,,
135,Chhattisgarh,Horse-gram,11547.45,12768.21,13437,13892.64,13999.32,14630.25,15239.29,15824,16325.12,18754.26,,,,,
136,Chhattisgarh,Jowar,18597.79,16106.85,20167.68,24036.89,27583.33,30148.24,33497.26,37530.72,40278.34,47103.4,,,,,
137,Chhattisgarh,Linseed,30240.87,32015.32,34025.35,35208,37286.43,38425.88,40155.25,42133.73,43158.01,46879.64,,,,,
138,Chhattisgarh,Maize,11854.48,11631.29,16424.9,23063.24,24834.68,29485.34,30245.73,36498.75,40283.67,43746.47,,,,,
139,Chhattisgarh,Masoor,10002.23,10987.74,11547.45,12768.21,13437,13892.64,13999.32,14630.25,15239.29,15824,,,,,
140,Chhattisgarh,Millets,9001.25,10256.58,11329.45,11876.36,12356.38,12999.09,13090,13509.26,1379.86,14111.11,,,,,
141,Chhattisgarh,Moong(Green Gram),12365.14,13892.64,14630.25,15824,16325.12,18754.26,20324.84,22466.06,25417.9,28476.24,,,,,
142,Chhattisgarh,Niger seed,13437,14630.25,15824,17568.47,18754.26,22430.87,25147.96,27410,28473.9,34217.91,,,,,
143,Chhattisgarh,Onion,52348.77,59420.65,66945.16,77245.01,81235.25,83322.56,96583.21,102465.21,123493.49,134952.02,,,,,
144,Chhattisgarh,Paddy,49868.2,38578.14,40155.25,42133.73,43158.01,46879.64,48256.19,51266.72,52041.11,59420.65,,,,,
145,Chhattisgarh,Peas and Beans,20752.23,22569.23,23001.59,25417.9,27461.59,29413.44,31648.54,34289.24,35420.14,37165.74,,,,,
146,Chhattisgarh,Ragi,40653.24,43344.14,44325.52,45031.86,48316.36,49577.96,52348.77,54237.24,58240.98,60497.24,,,,,
147,Chhattisgarh,Rapeseed &Mustard,22649.54,28892.26,32015.32,37286.43,40137.94,42012.22,45031.86,48316.36,50193.53,52041.11,,,,,
148,Chhattisgarh,Safflower,25963.35,26478.99,27516.9,28473.9,29003.51,30249.26,31648.54,32406.66,33498.24,34217.91,,,,,
149,Chhattisgarh,Sesamum,19685.02,20202.67,25963.35,27516.9,29003.51,31064.62,33003.67,34873.83,32015.32,34025.35,,,,,
150,Chhattisgarh,Soyabean,20036.58,22561.37,25963.35,27516.9,29003.51,31064.62,33003.67,34753.4,37286.43,42012.22,,,,,
151,Chhattisgarh,Sugarcane,81235.25,83322.56,85473.52,90248.84,96583.21,102465.21,123493.49,134952.02,155426.86,182460,,,,,
152,Chhattisgarh,Sunflower,20324.84,21648.21,22466.06,23001.59,25417.9,26480.34,28316.54,29413.44,31648.54,32406.66,,,,,
153,Chhattisgarh,Sweet potato,22478.09,24016.68,25963.35,27516.9,29003.51,31064.62,33003.67,34957.78,36541.25,38592.01,,,,,
154,Chhattisgarh,Turmeric,24735.19,29003.51,31064.62,33003.67,36541.25,38592.01,37286.43,42012.22,45031.86,48316.36,,,,,
155,Chhattisgarh,Urad,12775.43,15290.73,17357.57,19537.59,24440,26321.75,29169.11,32428.4,33003.67,34957.78,,,,,
156,Chhattisgarh,Wheat,21312.66,23111.12,24735.19,29003.51,31064.62,33003.67,36541.25,40789.32,45031.86,48316.36,,,,,
157,Chhattisgarh,Bajra,12132.59,14446.99,15632.25,17357.57,19537.59,24440,26321.75,29169.11,45031.86,32659.87,,,,,
158,Chhattisgarh,Castor seed,26483.21,28535.64,30246.49,33498.24,34681.33,35962.01,37456.88,40653.24,43344.14,44325.52,,,,,
159,Chhattisgarh,Garlic,20324.84,21648.21,22466.06,23001.59,25417.9,26480.34,28316.54,29413.44,31648.54,32406.66,,,,,
160,Chhattisgarh,Groundnut,52348.77,55420.34,56349.24,59420.65,60497.24,63422.46,66945.16,69487.5,72439.43,77245.01,,,,,
161,Chhattisgarh,Potato,60497.24,66945.16,69487.5,72439.43,77245.01,81235.25,83322.56,85473.52,90248.84,96583.21,,,,,
162,Chhattisgarh,Cotton(lint),34664.63,41861.39,44325.52,49577.96,54237.24,66945.16,72439.43,78659.86,81235.25,83322.56,,,,,
163,Chhattisgarh,Tobacco,53001.89,59240.33,60497.24,66945.16,69487.5,72439.43,81235.25,83322.56,90248.84,96583.21,,,,,
164,Goa,Banana,33344.33,35204.88,36482.15,37347.33,40653.24,43344.14,44325.52,47364.01,50471.77,54762.03,,,,,
165,Goa,Coconut,62859.52,67245.02,75294.82,82493.24,87591.26,91002.57,96352.49,102301.01,105355.55,115830.48,,,,,
166,Goa,Cowpea(Lobia),24024.77,25497.33,27951.59,29478.11,32110.54,33489.98,36480.58,38824.33,40058.66,41780.03,,,,,
167,Goa,Groundnut,32874.84,38824.33,40058.66,42067.59,45348.42,50193.53,55836.65,58472.54,64844.41,65387.32,,,,,
168,Goa,Paddy,43019.85,49142.99,50193.53,55836.65,58472.54,64844.41,65387.32,78057.17,77477.77,84752.34,,,,,
169,Goa,Ragi,40058.66,42067.59,45348.42,46875.02,47779.89,50193.53,54750.89,55836.65,57420.25,59748.37,,,,,
170,Goa,Sugarcane,127319,124498.9,129099.45,145987.3,163527.8,177890.02,184356.14,203849.25,196998.77,210332.33,,,,,
171,Gujarat,Arhar/Tur,24794.18,27780.68,32874.84,38824.33,40058.66,42067.59,45348.42,51820.35,50193.53,55836.65,,,,,
172,Gujarat,Bajra,21128.32,31002.92,32874.84,38824.33,40058.66,42067.59,45348.42,47582.65,47779.89,50193.53,,,,,
173,Gujarat,Banana,35014.28,37582.44,38822.21,39524.08,40128.54,43305.33,45022.66,47258.91,55664.05,58034.25,,,,,
174,Gujarat,Castor seed,26483.21,28535.64,30246.49,33498.24,34681.33,35962.01,37456.88,40653.24,43344.14,44325.52,,,,,
175,Gujarat,Cotton(lint),54725.77,58037.88,56749.47,63369.59,69372.61,74734.41,77350.11,85349.91,83041.87,86425.97,,,,,
176,Gujarat,Cowpea(Lobia),23410.87,26482.15,29748.77,32441.61,34201,35014.28,37582.44,38822.21,39524.08,40128.54,,,,,
177,Gujarat,Dry chillies,34221.76,36420.04,35870.56,37002.15,40025.87,42165.83,44350.17,47258.91,50284.63,56749.47,,,,,
178,Gujarat,Garlic,18420.61,19523.65,20021.12,23410.87,24857.07,25336.87,26489.55,27115.55,28440.38,29450.85,,,,,
179,Gujarat,Gram,14646.41,22226.27,24097.39,26489.55,30148.23,32548.5,35249.99,41588.31,43305.33,45022.66,,,,,
180,Gujarat,Groundnut,33907.63,42836.57,47258.91,50284.63,56749.47,63369.59,69372.61,74734.41,77350.11,83041.87,,,,,
181,Gujarat,Jowar,13045.45,14658.98,18420.61,20021.12,24857.07,25336.87,29450.85,32707.06,35249.99,37002.15,,,,,
182,Gujarat,Maize,22549.57,26660.58,28440.38,30148.23,32548.5,35249.99,39427.53,42630.93,45031.86,48316.36,,,,,
183,Gujarat,Millets,9001.25,10256.58,11329.45,11876.36,12356.38,12999.09,13090,13509.26,1379.86,14111.11,,,,,
184,Gujarat,Moong(Green Gram),14347.47,17423.8,17999,18420.61,19584.82,20021.12,21470.87,22343.09,25487.14,27141.19,,,,,
185,Gujarat,Onion,99822.48,71650.55,77245.01,81235.25,83322.56,96583.21,102465.21,121034.22,123493.49,134952.02,,,,,
186,Gujarat,Paddy,45658.12,56245.8,45348.42,46875.02,47779.89,50193.53,54750.89,55836.65,63369.59,65387.32,,,,,
187,Gujarat,Potato,96665.14,108621.3,124632.02,132045.14,144002.49,154978.98,166442.19,175276.95,178524.58,182045.87,,,,,
188,Gujarat,Rapeseed &Mustard,25410.16,30804.92,35870.56,37002.15,40025.87,42165.83,44350.17,49086.76,50284.63,51489.58,,,,,
189,Gujarat,Sesamum,18224.51,25854.44,28440.38,32548.5,39427.53,45031.86,48316.36,52200.81,54750.89,55836.65,,,,,
190,Gujarat,Sugarcane,127319,124498.9,129099.45,145987.3,163527.8,177890.02,184356.14,203849.25,210332.33,234688.75,,,,,
191,Gujarat,Tobacco,55664.05,58034.25,63369.59,69372.61,77350.11,83041.87,89547.34,94287.77,95473.2,112345.68,,,,,
192,Gujarat,Urad,16353.69,18608.35,210332.33,234688.75,25336.87,27410.58,28066.71,29495.26,32707.06,34201,,,,,
193,Gujarat,Wheat,27297.64,33841.28,35249.99,36470,39427.53,41234.19,43305.33,44626.6,54237.24,58240.98,,,,,
194,Gujarat,Ragi,40653.24,43344.14,44325.52,45031.86,48316.36,49577.96,52348.77,54237.24,58240.98,60497.24,,,,,
195,Gujarat,Soyabean,19082.23,19594.76,20145.87,22874.62,24097.39,26489.55,27410.58,28066.71,32707.06,35249.99,,,,,
196,Haryana,Arhar/Tur,22015.29,25336.87,26489.55,30148.23,32548.5,35249.99,36470,39427.53,41234.19,43305.33,,,,,
197,Haryana,Bajra,21890.57,24889.9,27410.58,34221.76,36420.04,35870.56,37002.15,40676.09,43344.14,45031.86,,,,,
198,Haryana,Barley,24097.39,39952.37,42530.69,45216.48,48202.02,54780.97,58947.33,62510.16,60340,63214.83,,,,,
199,Haryana,Cotton(lint),46815.11,62329.97,54750.89,55836.65,63369.59,65387.32,68475.58,70242.44,71650.55,77245.01,,,,,
200,Haryana,Cowpea(Lobia),23410.87,26482.15,29748.77,32441.61,34201,35014.28,37582.44,38822.21,39524.08,40128.54,,,,,
201,Haryana,Dry chillies,34221.76,36420.04,35870.56,37002.15,40025.87,42165.83,44350.17,47258.91,50284.63,56749.47,,,,,
202,Haryana,Garlic,18420.61,19523.65,20021.12,23410.87,24857.07,25336.87,26489.55,27115.55,28440.38,29450.85,,,,,
203,Haryana,Gram,15233.95,20674.11,25336.87,29450.85,32707.06,35249.99,37002.15,45193.48,55664.05,60452.33,,,,,
204,Haryana,Groundnut,41448.5,55664.05,58034.25,60452.33,63369.59,68423.32,70934.11,75509,77350.11,80423,,,,,
205,Haryana,Horse-gram,11547.45,12768.21,13437,13892.64,13999.32,14630.25,15239.29,16524,17452.58,18476.25,,,,,
206,Haryana,Jowar,13045.45,14658.98,18420.61,20021.12,24857.07,25336.87,29450.85,32707.06,35249.99,37002.15,,,,,
207,Haryana,Maize,26224.13,27539.49,30148.23,32548.5,35249.99,41588.31,43305.33,45604.96,55664.05,58034.25,,,,,
208,Haryana,Masoor,10002.23,10987.74,11547.45,12768.21,13437,13892.64,13999.32,14630.25,15239.29,15824,,,,,
209,Haryana,Moong(Green Gram),14347.47,17423.8,17999,18420.61,19584.82,20021.12,21470.87,22343.09,25487.14,27141.19,,,,,
210,Haryana,Onion,52348.77,59420.65,66945.16,77245.01,81235.25,83322.56,96583.21,102465.21,123493.49,134952.02,,,,,
211,Haryana,Paddy,20849.2,20986.33,35249.99,43305.33,59420.65,66945.16,77245.01,83875.5,81235.25,87420,,,,,
212,Haryana,Peas and Beans,22226.27,24097.39,26489.55,27410.58,28520.02,29450.85,32707.06,35249.99,37002.15,38822.21,,,,,
213,Haryana,Potato,96665.14,108621.3,124632.02,132045.14,144002.49,154978.98,166442.19,175276.95,178524.58,182045.87,,,,,
214,Haryana,Rapeseed &Mustard,29583.16,41935.26,37002.15,44350.17,47258.91,50284.63,56749.47,57303.84,59440.11,60147.24,,,,,
215,Haryana,Sesamum,9908.21,14447.06,154978.98,166442.19,175276.95,182045.87,20145.87,22874.62,22226.27,24097.39,,,,,
216,Haryana,Sugarcane,86920.95,111564.2,102480.33,108472.48,113007.8,118678.98,122473.47,121918.75,134782.17,140273.68,,,,,
217,Haryana,Sunflower,25336.87,24097.39,27410.58,28041.38,29450.85,30148.23,31054.82,32707.06,34572.84,36487.2,,,,,
218,Haryana,Sweet potato,20146.28,25336.87,27410.58,29450.85,30148.23,31054.82,32707.06,34572.84,36487.2,40215.34,,,,,
219,Haryana,Turmeric,27410.58,29450.85,31054.82,32707.06,34572.84,36487.2,38822.21,40128.54,43305.33,45604.96,,,,,
220,Haryana,Urad,16353.69,18608.35,210332.33,234688.75,25336.87,27410.58,28066.71,29495.26,32707.06,34201,,,,,
221,Haryana,Wheat,42323.07,51170.51,56749.47,60147.24,63369.59,66945.16,68423.32,72462.81,75509,77350.11,,,,,
222,Haryana,Castor seed,26483.21,28535.64,30246.49,33498.24,34681.33,35962.01,37456.88,40653.24,43344.14,44325.52,,,,,
223,Haryana,Banana,35014.28,37582.44,38822.21,39524.08,40128.54,43305.33,45022.66,47258.91,55664.05,58034.25,,,,,
224,Haryana,Coriander,15398.29,16092.25,18990.21,17236.98,18234.33,18898.02,19026,19523.65,20021.12,24787.21,,,,,
225,Haryana,Ginger,95473.2,112345.68,165890.83,176259.3,196357.34,222002,250486.63,288970.96,314258.37,333025.47,,,,,
226,Himachal Pradesh,Arhar/Tur,23988.24,24933,26884.47,30658.24,29752.01,32576.4,35297.98,41328.57,40769.14,44407.98,,,,,
227,Himachal Pradesh,Bajra,23988.24,24933,26884.47,30658.24,29752.01,32576.4,35297.98,41328.57,46000,48977.77,,,,,
228,Himachal Pradesh,Barley,24687.24,26478.54,29783.88,27548.94,30300.17,32467.59,35566.33,38388.43,40044.87,44873.19,,,,,
229,Himachal Pradesh,Cotton(lint),38956.26,44682.76,42367.23,45678.02,49658.72,54317.49,55005.3,58479.32,60189.37,61324.47,,,,,
230,Himachal Pradesh,Cowpea(Lobia),22950.21,23648.36,25874.63,27896.03,29634.28,30005.74,32698.02,33566.66,35698.21,38476.78,,,,,
231,Himachal Pradesh,Dry chillies,31850.01,33349.2,40769.14,44407.98,47123.22,49493.47,51151.69,55780.76,56476,57896.37,,,,,
232,Himachal Pradesh,Garlic,18990.21,17236.98,18234.33,18898.02,19026,19523.65,20021.12,24787.21,250486.63,288970.96,,,,,
233,Himachal Pradesh,Ginger,90054.23,112345.68,165890.83,176259.3,196357.34,222002,250486.63,288970.96,322458.02,355001.82,,,,,
234,Himachal Pradesh,Gram,38956.26,44682.76,42367.23,45678.02,49658.72,54317.49,55005.3,58479.32,60189.37,61324.47,,,,,
235,Himachal Pradesh,Groundnut,27897.36,29999.99,30789.43,35487.47,37984.87,39875.37,41287.25,45876.92,50044.83,55377.74,,,,,
236,Himachal Pradesh,Horse-gram,11547.45,12768.21,13437,13892.64,13999.32,14630.25,15239.29,15824,17524.33,18752.95,,,,,
237,Himachal Pradesh,Jowar,30100.54,33987.57,36854.55,37745.24,38988.88,40600.07,41999.99,44002.36,45047.31,48977.77,,,,,
238,Himachal Pradesh,Maize,17927.61,20948.09,22251.28,27890.45,34567.2,38201.33,41578.82,52222.22,56237.91,59432.83,,,,,
239,Himachal Pradesh,Masoor,10002.23,10987.74,11547.45,12768.21,13437,13892.64,13999.32,14630.25,15239.29,15824,,,,,
240,Himachal Pradesh,Moong(Green Gram),12349.24,145547.39,150248.97,177788.32,180749.03,25247.35,22876.34,24573.57,26785.35,28654.51,,,,,
241,Himachal Pradesh,Onion,42539.22,50247.91,55005.08,57000,70454.2,89026.32,125716.2,133458.02,140454.32,167046.99,,,,,
242,Himachal Pradesh,Paddy,23988.24,24933,26884.47,30658.24,29752.01,32576.4,35297.98,41328.57,46000,48977.77,,,,,
243,Himachal Pradesh,Peas and Beans,22950.21,23648.36,25874.63,27896.03,29634.28,30005.74,32698.02,33566.66,35698.21,38476.78,,,,,
244,Himachal Pradesh,Potato,75191.07,48768.38,50263.65,56894.36,61324.47,70360.87,73648.34,87234.21,95245.02,100583.62,,,,,
245,Himachal Pradesh,Ragi,44682.76,42367.23,45678.02,49658.72,54317.49,55005.3,58479.32,60189.37,59023.55,60189.37,,,,,
246,Himachal Pradesh,Rapeseed &Mustard,18694.15,22174.72,29752.01,32576.4,35297.98,41328.57,46000,48977.77,51748.32,55836.65,,,,,
247,Himachal Pradesh,Sesamum,15398.29,16092.25,18990.21,17236.98,18234.33,18898.02,19026,19523.65,20021.12,24787.21,,,,,
248,Himachal Pradesh,Soyabean,24687.24,26478.54,29783.88,27548.94,30300.17,32467.59,35566.33,38388.43,40044.87,44873.19,,,,,
249,Himachal Pradesh,Sugarcane,108679.06,110587.3,114200.71,133445.28,145547.39,150248.97,177788.32,180749.03,190879.56,197364.42,,,,,
250,Himachal Pradesh,Tobacco,50263.65,56894.36,61324.47,70360.87,73648.34,87234.21,95245.02,96342.01,98800.64,99542.56,,,,,
251,Himachal Pradesh,Turmeric,25908.01,27776.86,29001.28,30250.99,34589.98,33487.24,37852,38470.47,39020.57,42368.89,,,,,
252,Himachal Pradesh,Urad,20367.33,22473.66,23487.75,25379.58,27776.86,29001.28,30250.99,33587.21,35487.47,37984.87,,,,,
253,Himachal Pradesh,Wheat,17862.22,21772.14,23487.75,25379.58,27776.86,29001.28,30250.99,33587.21,40327.02,44210.22,,,,,
254,Himachal Pradesh,Coriander,11361.7,12384.41,13251.82,15429.09,16721.78,16999.98,18188.88,20916.67,22221.86,23876.01,,,,,
255,Himachal Pradesh,Linseed,27548.94,30300.17,32467.59,35566.33,38388.43,40044.87,41325.34,42368.89,44873.19,45004.37,,,,,
256,Himachal Pradesh,Millets,9001.25,10256.58,11329.45,11876.36,12356.38,12999.09,13090,13509.26,1379.86,14111.11,,,,,
257,Jammu and Kashmir,Cowpea(Lobia),23410.87,26482.15,29748.77,32441.61,34201,35014.28,37582.44,38822.21,39524.08,40128.54,,,,,
258,Jammu and Kashmir,Dry chillies,34221.76,36420.04,35870.56,37002.15,40025.87,42165.83,44350.17,47258.91,50284.63,56749.47,,,,,
259,Jammu and Kashmir,Garlic,18420.61,19523.65,20021.12,23410.87,24857.07,25336.87,26489.55,27115.55,28440.38,29450.85,,,,,
260,Jammu and Kashmir,Maize,26224.13,27539.49,30148.23,32548.5,35249.99,41588.31,43305.33,45604.96,55664.05,58034.25,,,,,
261,Jammu and Kashmir,Moong(Green Gram),14347.47,17423.8,17999,18420.61,19584.82,20021.12,21470.87,22343.09,25487.14,27141.19,,,,,
262,Jammu and Kashmir,Onion,55664.05,58034.25,63369.59,68423.32,70934.11,77350.11,83041.87,89547.34,94287.77,102201.21,,,,,
263,Jammu and Kashmir,Paddy,23998.24,25648.21,26482.15,29748.77,32441.61,34201,43305.33,45604.96,55664.05,58034.25,,,,,
264,Jammu and Kashmir,Peas and Beans,22226.27,24097.39,26489.55,27410.58,28520.02,29450.85,32707.06,35249.99,37002.15,38822.21,,,,,
265,Jammu and Kashmir,Potato,96665.14,108621.3,124632.02,132045.14,144002.49,154978.98,166442.19,175276.95,178524.58,182045.87,,,,,
266,Jammu and Kashmir,Rapeseed &Mustard,20829.25,28041.38,29450.85,32707.06,35249.99,37002.15,38822.21,43305.33,45022.66,49254.42,,,,,
267,Jammu and Kashmir,Urad,16353.69,18608.35,210332.33,234688.75,25336.87,27410.58,28066.71,29495.26,32707.06,34201,,,,,
268,Jammu and Kashmir,Wheat,31630.89,40826.2,43305.33,45604.96,55664.05,58034.25,63369.59,69372.61,68423.32,70934.11,,,,,
269,Jammu and Kashmir,Linseed,29450.85,32707.06,34201,35014.28,37582.44,38822.21,39524.08,40128.54,43305.33,45022.66,,,,,
270,Jammu and Kashmir,Bajra,12263.97,16867.91,18524.58,20473.29,21967.64,24186.85,27002.1,29161.11,32587.44,35406.69,,,,,
271,Jammu and Kashmir,Barley,24097.39,39952.37,42530.69,45216.48,48202.02,54780.97,58947.33,62510.16,60340,63214.83,,,,,
272,Jammu and Kashmir,Gram,14646.41,22226.27,24097.39,26489.55,30148.23,32548.5,35249.99,41588.31,43305.33,45022.66,,,,,
273,Jammu and Kashmir,Masoor,10002.23,10987.74,11547.45,12768.21,13437,13892.64,13999.32,14630.25,15239.29,15824,,,,,
274,Jammu and Kashmir,Millets,9001.25,10256.58,11329.45,11876.36,12356.38,12999.09,13090,13509.26,1379.86,14111.11,,,,,
275,Jammu and Kashmir,Horse-gram,11547.45,12768.21,13437,13892.64,13999.32,14630.25,15239.29,16524,17452.58,18476.25,,,,,
276,Jammu and Kashmir,Sesamum,9908.21,14447.06,154978.98,166442.19,175276.95,182045.87,20145.87,22874.62,22226.27,24097.39,,,,,
277,Jammu and Kashmir,Arhar/Tur,22015.29,25336.87,26489.55,30148.23,32548.5,35249.99,36470,39427.53,41234.19,43305.33,,,,,
278,Jammu and Kashmir,Coriander,15398.29,16092.25,18990.21,17236.98,18234.33,18898.02,19026,19523.65,20021.12,24787.21,,,,,
279,Jammu and Kashmir,Cotton(lint),44005.58,54276.25,56428.88,59720.31,62450.01,64201.85,68472.22,73913.41,75411.11,78549.92,,,,,
280,Jammu and Kashmir,Ginger,95473.2,112345.68,165890.83,176259.3,196357.34,222002,250486.63,288970.96,314258.37,333025.47,,,,,
281,Jammu and Kashmir,Groundnut,41448.5,55664.05,58034.25,60452.33,63369.59,68423.32,70934.11,75509,77350.11,80423,,,,,
282,Jammu and Kashmir,Jowar,13045.45,14658.98,18420.61,20021.12,24857.07,25336.87,29450.85,32707.06,35249.99,37002.15,,,,,
283,Jammu and Kashmir,Sugarcane,127319,124498.9,129099.45,145987.3,163527.8,177890.02,184356.14,203849.25,210332.33,234688.75,,,,,
284,Jammu and Kashmir,Tobacco,55664.05,58034.25,63369.59,69372.61,77350.11,83041.87,89547.34,94287.77,95473.2,112345.68,,,,,
285,Jammu and Kashmir,Turmeric,27410.58,29450.85,31054.82,32707.06,34572.84,36487.2,38822.21,40128.54,43305.33,45604.96,,,,,
286,Jharkhand,Arhar/Tur,22587.12,25497.33,27951.59,29478.11,32110.54,33489.98,35470,36102.25,37589.19,38597.86,,,,,
287,Jharkhand,Gram,14379.07,15634.32,178524.58,20157.97,23732.38,24567.32,25963.35,27574.08,36459.55,40690.98,,,,,
288,Jharkhand,Maize,42896.58,48795.43,47558.94,53347.39,57756.91,60047,62740.33,64211.48,69789.99,72489.78,,,,,
289,Jharkhand,Onion,52348.77,59420.65,66945.16,77245.01,81235.25,83322.56,96583.21,102465.21,123493.49,134952.02,,,,,
290,Jharkhand,Paddy,44647.85,54810.01,54750.89,55836.65,57420.25,59748.37,61570.21,62749.73,63020.57,35249,,,,,
291,Jharkhand,Potato,96665.14,108621.3,124632.02,132045.14,144002.49,154978.98,166442.19,175276.95,178524.58,182045.87,,,,,
292,Jharkhand,Ragi,40058.66,42067.59,45348.42,46875.02,47779.89,50193.53,54750.89,55836.65,57420.25,59748.37,,,,,
293,Jharkhand,Rapeseed &Mustard,30432.66,30890.25,31250,33498.56,36459.55,38213.48,40690.98,46141.46,44638.7,48795.43,,,,,
294,Jharkhand,Wheat,23732.38,24567.32,25963.35,28107.52,32874.84,36459.55,38213.48,40690.98,46141.46,44638.7,,,,,
295,Jharkhand,Masoor,11547.45,12768.21,13437,13892.64,13999.32,14630.25,15239.29,15824,16325.12,18754.26,,,,,
296,Jharkhand,Sugarcane,127319,124498.9,129099.45,145987.3,163527.8,177890.02,184356.14,203849.25,196998.77,210332.33,,,,,
297,Jharkhand,Barley,25963.35,28107.52,32874.84,38824.33,42067.59,45348.42,54750.89,50193.53,55836.65,59748.37,,,,,
298,Karnataka,Arhar/Tur,22646.08,26052.49,27854.32,28341.01,29645.98,31254.87,33344.33,35204.88,36482.15,37347.33,,,,,
299,Karnataka,Bajra,12132.59,14446.99,15632.25,17357.57,19537.59,24440,26321.75,29169.11,30159.35,32659.87,,,,,
300,Karnataka,Banana,33344.33,35204.88,36482.15,37347.33,40653.24,43344.14,44325.52,47364.01,50471.77,54762.03,,,,,
301,Karnataka,Castor seed,22646.08,26052.49,27854.32,28341.01,29645.98,31254.87,33344.33,35204.88,37347.33,40653.24,,,,,
302,Karnataka,Coconut,66026.23,77249.05,82547.35,92486.32,100523.21,125478.35,144785.34,162554.32,152403.66,160066.58,,,,,
303,Karnataka,Coriander,15398.29,16092.25,18990.21,17236.98,18234.33,18898.02,19026,19523.65,20021.12,24787.21,,,,,
304,Karnataka,Cotton(lint),35538.75,44735.12,46534.99,49876.33,52476.25,55487.31,58641.02,60146.48,61473.21,62478.33,,,,,
305,Karnataka,Cowpea(Lobia),21034.87,22646.08,26052.49,27854.32,28341.01,29645.98,31254.87,33344.33,35204.88,37347.33,,,,,
306,Karnataka,Dry chillies,33344.33,35204.88,36482.15,37347.33,40653.24,43344.14,44325.52,47364.01,50471.77,54762.03,,,,,
307,Karnataka,Garlic,19087.25,19635.25,20658.96,21034.87,22646.08,26052.49,27854.32,28341.01,29645.98,31254.87,,,,,
308,Karnataka,Ginger,90054.23,112345.68,165890.83,176259.3,196357.34,222002,250486.63,288970.96,322458.02,334578.54,,,,,
309,Karnataka,Gram,16474.59,21794.58,28341.01,29645.98,31254.87,33344.33,35204.88,38444.48,40238.66,42658.33,,,,,
310,Karnataka,Groundnut,23374.3,35575.79,37542.04,44735.12,46534.99,49876.33,52476.25,55582.32,57826.34,59721.11,,,,,
311,Karnataka,Horse-gram,11547.45,12768.21,13437,13892.64,13999.32,14630.25,15239.29,16524,17452.58,18476.25,,,,,
312,Karnataka,Jowar,13880.98,21045.984,22646.08,26052.49,27854.32,28341.01,29645.98,30711.6,33344.33,35204.88,,,,,
313,Karnataka,Linseed,30249.33,31471.98,32478.21,33344.33,35204.88,36482.15,37347.33,40653.24,43344.14,44325.52,,,,,
314,Karnataka,Maize,25946.48,36272.45,36482.15,37347.33,40653.24,43344.14,44325.52,47850.16,55582.32,57826.34,,,,,
315,Karnataka,Millets,9001.25,10256.58,11329.45,11876.36,12356.38,12999.09,13090,13509.26,1379.86,14111.11,,,,,
316,Karnataka,Moong(Green Gram),11574.35,14007.79,16474.59,21794.58,22646.08,26052.49,27854.32,29436.72,29645.98,31254.87,,,,,
317,Karnataka,Niger seed,11574.35,14007.79,16474.59,21794.58,22646.08,26052.49,27854.32,29436.72,29645.98,31254.87,,,,,
318,Karnataka,Onion,31621.53,24329.46,35648.33,44303.01,50247.89,63330,78159.35,83322.56,96583.21,100235.5,,,,,
319,Karnataka,Paddy,49638.32,52973.11,55582.32,57826.34,59721.11,63330,78159.35,80763.39,81235.25,83322.56,,,,,
320,Karnataka,Rapeseed &Mustard,21453.98,24631.05,27568.66,29465.31,30420.42,34285.48,37534.24,41002.95,44878.88,48653.2,,,,,
321,Karnataka,Safflower,7658.21,8748.94,11329.45,21453.98,27568.66,30420.42,37534.24,41607.95,40653.24,43344.14,,,,,
322,Karnataka,Sesamum,11329.45,12356.38,1379.86,14111.11,15239.29,16524,17452.58,18476.25,21453.98,24631.05,,,,,
323,Karnataka,Soyabean,23649.22,25946.48,36272.45,36482.15,37347.33,40653.24,43344.14,44325.52,47850.16,55582.32,,,,,
324,Karnataka,Sugarcane,86276.15,94585.12,96583.21,98634.55,999878,100235.5,107807.32,114475.7,125436.35,135248.32,,,,,
325,Karnataka,Sunflower,13916.81,16159.66,17452.58,18476.25,21453.98,24631.05,26483.21,28535.64,30246.49,33498.24,,,,,
326,Karnataka,Sweet potato,18476.25,21453.98,24631.05,26483.21,28535.64,30246.49,33498.24,34681.33,35962.01,37456.88,,,,,
327,Karnataka,Tobacco,52476.25,55487.31,58641.02,62478.33,78159.35,80763.39,81235.25,83322.56,96583.21,100235.5,,,,,
328,Karnataka,Turmeric,26483.21,28535.64,30246.49,33498.24,34681.33,35962.01,37456.88,40653.24,43344.14,44325.52,,,,,
329,Karnataka,Urad,21045.984,22646.08,26052.49,27854.32,28341.01,29645.98,30711.6,33344.33,35204.88,36426,,,,,
330,Karnataka,Wheat,33344.33,35204.88,36482.15,37347.33,40653.24,43344.14,44325.52,47364.01,50471.77,54762.03,,,,,
331,Karnataka,Peas and Beans,21045.984,22646.08,26052.49,27854.32,28341.01,29645.98,30711.6,33344.33,35204.88,36426,,,,,
332,Karnataka,Potato,64844.41,65387.32,70005.63,74125.08,79846.27,89035.21,92584.11,100333.22,97586.33,101010,,,,,
333,Karnataka,Ragi,29141.79,33156.15,36482.15,40653.24,44325.52,50471.77,54762.03,60198.73,63330,62478.33,,,,,
334,Kerala,Banana,33344.33,35204.88,36482.15,37347.33,40653.24,43344.14,44325.52,47364.01,50471.77,54762.03,,,,,
335,Kerala,Coconut,66026.23,77249.05,82547.35,92486.32,100523.21,125478.35,144785.34,162554.32,152403.66,160066.58,,,,,
336,Kerala,Ginger,90054.23,112345.68,165890.83,176259.3,196357.34,222002,250486.63,288970.96,322458.02,334578.54,,,,,
337,Kerala,Millets,9001.25,10256.58,11329.45,11876.36,12356.38,12999.09,13090,13509.26,1379.86,14111.11,,,,,
338,Kerala,Paddy,44647.17,29135.18,35204.88,40653.24,47364.01,54762.03,74125.08,97077.58,70005.63,79846.27,,,,,
339,Kerala,Potato,64844.41,65387.32,70005.63,74125.08,79846.27,89035.21,92584.11,100333.22,97586.33,101010,,,,,
340,Kerala,Ragi,29141.79,33156.15,36482.15,40653.24,44325.52,50471.77,54762.03,60198.73,63330,62478.33,,,,,
341,Kerala,Sesamum,11329.45,12356.38,1379.86,14111.11,15239.29,16524,17452.58,18476.25,21453.98,24631.05,,,,,
342,Kerala,Sugarcane,86276.15,94585.12,96583.21,98634.55,999878,100235.5,107807.32,114475.7,125436.35,135248.32,,,,,
343,Kerala,Sweet potato,18476.25,21453.98,24631.05,26483.21,28535.64,30246.49,33498.24,34681.33,35962.01,37456.88,,,,,
344,Kerala,Turmeric,26483.21,28535.64,30246.49,33498.24,34681.33,35962.01,37456.88,40653.24,43344.14,44325.52,,,,,
345,Kerala,Dry chillies,33344.33,35204.88,36482.15,37347.33,40653.24,43344.14,44325.52,47364.01,50471.77,54762.03,,,,,
346,Kerala,Arhar/Tur,22646.08,26052.49,27854.32,28341.01,29645.98,31254.87,33344.33,35204.88,36482.15,37347.33,,,,,
347,Kerala,Garlic,19087.25,19635.25,20658.96,21034.87,22646.08,26052.49,27854.32,28341.01,29645.98,31254.87,,,,,
348,Kerala,Jowar,13880.98,21045.984,22646.08,26052.49,27854.32,28341.01,29645.98,30711.6,33344.33,35204.88,,,,,
349,Kerala,Maize,25946.48,36272.45,36482.15,37347.33,40653.24,43344.14,44325.52,47850.16,55582.32,57826.34,,,,,
350,Kerala,Wheat,33344.33,35204.88,36482.15,37347.33,40653.24,43344.14,44325.52,47364.01,50471.77,54762.03,,,,,
351,Kerala,Tobacco,52476.25,55487.31,58641.02,62478.33,78159.35,80763.39,81235.25,83322.56,96583.21,100235.5,,,,,
352,Kerala,Cotton(lint),35538.75,44735.12,46534.99,49876.33,52476.25,55487.31,58641.02,60146.48,61473.21,62478.33,,,,,
353,Kerala,Groundnut,23374.3,35575.79,37542.04,44735.12,46534.99,49876.33,52476.25,55582.32,57826.34,59721.11,,,,,
354,Kerala,Soyabean,23649.22,25946.48,36272.45,36482.15,37347.33,40653.24,43344.14,44325.52,47850.16,55582.32,,,,,
355,Madhya Pradesh,Arhar/Tur,19131.08,19993.36,21583.02,24875.31,26473.54,29900.95,32674.42,35204.88,37480.49,39758.86,,,,,
356,Madhya Pradesh,Bajra,20146.61,28796.37,25764.01,29473.74,31495.28,34671.58,36002.92,38880,42573.33,45278.37,,,,,
357,Madhya Pradesh,Barley,25946.48,36272.45,36482.15,37347.33,40653.24,43344.14,44325.52,47850.16,55582.32,57826.34,,,,,
358,Madhya Pradesh,Coriander,11456.34,12357.19,13572.59,15624.75,16753.98,17456.24,19159.39,20042.33,22255.62,24287.43,,,,,
359,Madhya Pradesh,Cowpea(Lobia),22478.09,24016.68,25963.35,27516.9,29003.51,31064.62,33003.67,34957.78,36541.25,38592.01,,,,,
360,Madhya Pradesh,Dry chillies,32015.32,34025.35,35208,37286.43,40137.94,42012.22,45031.86,47526.61,50193.53,52041.11,,,,,
361,Madhya Pradesh,Garlic,20324.84,21648.21,22466.06,23001.59,25417.9,26480.34,28316.54,29413.44,31648.54,32406.66,,,,,
362,Madhya Pradesh,Ginger,102465.21,123493.49,134952.02,165489.24,195487.97,200495.46,222403,289634.14,274098.69,310348.74,,,,,
363,Madhya Pradesh,Gram,18657.75,29948.11,31248.62,33420,36487.46,37002.58,40058.66,42067.59,45348.42,48567.09,,,,,
364,Madhya Pradesh,Groundnut,52348.77,55420.34,56349.24,59420.65,60497.24,63422.46,66945.16,69487.5,72439.43,77245.01,,,,,
365,Madhya Pradesh,Jowar,18597.79,16106.85,20167.68,24036.89,27583.33,30148.24,33497.26,37530.72,40278.34,47103.4,,,,,
366,Madhya Pradesh,Linseed,30240.87,32015.32,34025.35,35208,37286.43,38425.88,40155.25,42133.73,43158.01,46879.64,,,,,
367,Madhya Pradesh,Maize,16424.9,23063.24,24834.68,29485.34,30245.73,36498.75,40283.67,43746.47,48520.19,52004.38,,,,,
368,Madhya Pradesh,Masoor,11547.45,12768.21,13437,13892.64,13999.32,14630.25,15239.29,15824,16325.12,18754.26,,,,,
369,Madhya Pradesh,Moong(Green Gram),12365.14,13892.64,14630.25,15824,16325.12,18754.26,20324.84,22466.06,25417.9,28476.24,,,,,
370,Madhya Pradesh,Onion,52348.77,59420.65,66945.16,77245.01,81235.25,83322.56,96583.21,102465.21,123493.49,134952.02,,,,,
371,Madhya Pradesh,Paddy,48899.38,45336.75,40137.94,42012.22,45031.86,47526.61,48567.09,46249.85,52348.77,54237.24,,,,,
372,Madhya Pradesh,Peas and Beans,20752.23,22569.23,23001.59,25417.9,27461.59,29413.44,31648.54,34289.24,35420.14,37165.74,,,,,
373,Madhya Pradesh,Potato,60497.24,66945.16,69487.5,72439.43,77245.01,81235.25,83322.56,85473.52,90248.84,96583.21,,,,,
374,Madhya Pradesh,Rapeseed &Mustard,22649.54,28892.26,32015.32,37286.43,40137.94,42012.22,45031.86,48316.36,50193.53,52041.11,,,,,
375,Madhya Pradesh,Sesamum,19685.02,20202.67,25963.35,27516.9,29003.51,31064.62,33003.67,34873.83,32015.32,34025.35,,,,,
376,Madhya Pradesh,Soyabean,20036.58,22561.37,25963.35,27516.9,29003.51,31064.62,33003.67,34753.4,37286.43,42012.22,,,,,
377,Madhya Pradesh,Sugarcane,81235.25,83322.56,85473.52,90248.84,96583.21,102465.21,123493.49,134952.02,155426.86,182460,,,,,
378,Madhya Pradesh,Sweet potato,22478.09,24016.68,25963.35,27516.9,29003.51,31064.62,33003.67,34957.78,36541.25,38592.01,,,,,
379,Madhya Pradesh,Urad,19202.05,18349.33,20036.58,21547.38,22402.75,23498.49,24735.19,25878.09,29003.51,34957.78,,,,,
380,Madhya Pradesh,Wheat,27532.33,33396.15,37286.43,40137.94,42012.22,45031.86,48316.36,49577.96,52348.77,54237.24,,,,,
381,Madhya Pradesh,Castor seed,26483.21,28535.64,30246.49,33498.24,34681.33,35962.01,37456.88,40653.24,43344.14,44325.52,,,,,
382,Madhya Pradesh,Cotton(lint),34664.63,41861.39,44325.52,49577.96,54237.24,66945.16,72439.43,78659.86,81235.25,83322.56,,,,,
383,Madhya Pradesh,Horse-gram,11547.45,12768.21,13437,13892.64,13999.32,14630.25,15239.29,15824,16325.12,18754.26,,,,,
384,Madhya Pradesh,Millets,9001.25,10256.58,11329.45,11876.36,12356.38,12999.09,13090,13509.26,1379.86,14111.11,,,,,
385,Madhya Pradesh,Turmeric,24735.19,29003.51,31064.62,33003.67,36541.25,38592.01,37286.43,42012.22,45031.86,48316.36,,,,,
386,Madhya Pradesh,Banana,34025.35,35208,37286.43,38425.88,40155.25,42133.73,43158.01,46879.64,48316.36,56473.41,,,,,
387,Madhya Pradesh,Jute,45031.86,48316.36,50193.53,53001.89,56473.41,59240.33,60497.24,66945.16,69487.5,72439.43,,,,,
388,Madhya Pradesh,Niger seed,13437,14630.25,15824,17568.47,18754.26,22430.87,25147.96,27410,28473.9,34217.91,,,,,
389,Madhya Pradesh,Sunflower,20324.84,21648.21,22466.06,23001.59,25417.9,26480.34,28316.54,29413.44,31648.54,32406.66,,,,,
390,Madhya Pradesh,Tobacco,53001.89,59240.33,60497.24,66945.16,69487.5,72439.43,81235.25,83322.56,90248.84,96583.21,,,,,
391,Madhya Pradesh,Safflower,25963.35,26478.99,27516.9,28473.9,29003.51,30249.26,31648.54,32406.66,33498.24,34217.91,,,,,
392,Madhya Pradesh,Ragi,40653.24,43344.14,44325.52,45031.86,48316.36,49577.96,52348.77,54237.24,58240.98,60497.24,,,,,
393,Maharashtra,Arhar/Tur,44650.4,46445.36,49658.24,53489.26,57352.01,60473,67852.33,70025.25,81373.58,87731.72,,,,,
394,Maharashtra,Bajra,24499.11,28666.81,30303.55,32485.65,35520.01,38447.15,40520.73,42699.69,45001.54,48486.2,,,,,
395,Maharashtra,Banana,35089.03,36000,37621.04,39435,41327.08,48236.62,48777.33,50600,54000,56000,,,,,
396,Maharashtra,Castor seed,25907.21,27432.32,28325.69,29941,33348.78,35612.01,39547.99,40654.02,41658.22,42373.85,,,,,
397,Maharashtra,Cotton(lint),52583.55,61907.49,66338.2,69968.89,70143.25,72347,75986.59,76482.33,79486.84,82932.45,,,,,
398,Maharashtra,Cowpea(Lobia),22098.32,25487.38,28754.69,29212,30101.37,33908.21,34653.14,36098.88,38181.15,39222,,,,,
399,Maharashtra,Gram,21066.61,31554.14,34658.88,39900.41,42350.91,45347.92,47705.05,54074.4,55680.24,58632.21,,,,,
400,Maharashtra,Groundnut,41448.5,55664.05,58034.25,60690.21,63369.59,68423.32,70934.11,75509,77350.11,80423,,,,,
401,Maharashtra,Jowar,26333.33,34744.47,37621.04,39435,41327.08,48236.62,48777.33,50242.47,54074.4,55680.24,,,,,
402,Maharashtra,Linseed,30997.8,31765.01,32845.56,35657.08,38097.02,40070.24,41444.44,45673.2,45679.99,46992.87,,,,,
403,Maharashtra,Maize,46228.5,5122.21,55876.25,63986.81,65916.32,69777.02,72676.09,77284.13,78463.24,79636.25,,,,,
404,Maharashtra,Millets,9001.25,10256.58,11329.45,11876.36,12356.38,12999.09,13090,13509.26,1379.86,14111.11,,,,,
405,Maharashtra,Moong(Green Gram),24524.63,26008.25,31554.14,34658.88,39900.41,42350.91,45347.92,41921.64,41658.22,42373.85,,,,,
406,Maharashtra,Niger seed,10999.99,15026.33,13587.1,16478.42,17897.51,18020.22,20058.01,22662.69,25034.85,31023.5,,,,,
407,Maharashtra,Onion,81847.16,91824.13,102302.36,125321.01,146589.35,152002.21,166678.2,178683.16,170842.31,177733.33,,,,,
408,Maharashtra,Paddy,30318.4,35972.5,45347.92,47705.05,59669.66,67325.77,79837.62,87886.29,82109.01,86000,,,,,
409,Maharashtra,Ragi,34749.73,25721.43,36488.27,49401.41,51325.55,59669.66,67325.77,70516.15,79837.62,82109.01,,,,,
410,Maharashtra,Rapeseed &Mustard,18694.15,22174.72,29752.01,32576.4,35297.98,41328.57,46000,48977.77,51748.32,55836.65,,,,,
411,Maharashtra,Safflower,16883.08,21108.12,18020.22,20058.01,22662.69,25034.85,31023.5,36144.81,37621.04,39435,,,,,
412,Maharashtra,Sesamum,15398.29,16092.25,18990.21,17236.98,18234.33,18898.02,19026,19523.65,20021.12,24787.21,,,,,
413,Maharashtra,Soyabean,26554.41,30808.81,35612.01,39547.99,38117.78,40356.65,41265.02,46154.4,47593.25,48596.62,,,,,
414,Maharashtra,Sugarcane,128996.6,146726.7,152498.25,173563.23,189057.57,200058.24,222667.53,231706.99,245004,240072.37,,,,,
415,Maharashtra,Sunflower,20738.21,27825.52,25036.97,26200.11,26987.49,27503.71,28002.89,28535.65,29643.33,30024.15,,,,,
416,Maharashtra,Urad,22038.26,28116.51,28325.69,29941,33348.78,35612.01,39547.99,38117.78,40356.65,41265.02,,,,,
417,Maharashtra,Wheat,36488.27,42251.04,39900.41,42350.91,45347.92,47705.05,54074.4,55977.96,56347.91,57634.25,,,,,
418,Maharashtra,Tobacco,49401.41,51325.55,59669.66,67325.77,79837.62,82109.01,86000,91532.27,91956.33,92567.72,,,,,
419,Manipur,Banana,33478.02,33487.42,36420.02,39080.57,40035.95,42786.83,45783,48369.91,50078.24,53247.86,,,,,
420,Manipur,Cowpea(Lobia),24036.33,31245.67,28401.01,30147.69,33472.14,36478.25,38471.41,37489.15,42042.01,43874.51,,,,,
421,Manipur,Dry chillies,30997.8,31765.01,32845.56,35657.08,38097.02,40070.24,41444.44,45673.2,45679.99,46992.87,,,,,
422,Manipur,Ginger,90054.23,112345.68,165890.83,176259.3,196357.34,222002,250486.63,288970.96,322458.02,355001.82,,,,,
423,Manipur,Jute,41265.39,47558.94,53347.39,57756.91,60047,62740.33,64211.48,69789.99,72323.23,78646.63,,,,,
424,Manipur,Onion,42539.22,50247.91,55005.08,57000,70454.2,89026.32,125716.2,133458.02,140454.32,167046.99,,,,,
425,Manipur,Paddy,25884.38,27833.18,24036.33,31245.67,28401.01,30147.69,33472.14,36478.25,38471.41,37489.15,,,,,
426,Manipur,Peas and Beans,22950.21,23648.36,25874.63,27896.03,29634.28,30005.74,32698.02,33566.66,35698.21,38476.78,,,,,
427,Manipur,Potato,64844.41,65387.32,70005.63,74125.08,79846.27,89035.21,92584.11,100333.22,97586.33,101010,,,,,
428,Manipur,Rapeseed &Mustard,18694.15,22174.72,29752.01,32576.4,35297.98,41328.57,46000,48977.77,51748.32,55836.65,,,,,
429,Manipur,Soyabean,24687.24,26478.54,29783.88,27548.94,30300.17,32467.59,35566.33,38388.43,40044.87,44873.19,,,,,
430,Manipur,Sugarcane,127319,111609.21,129099.45,145987.3,163527.8,177890.02,184356.14,203849.25,196998.77,210332.33,,,,,
431,Manipur,Sweet potato,18795.33,20149.01,22473.66,23487.75,25379.58,27776.86,29001.28,30250.99,32573.33,35247.2,,,,,
432,Manipur,Turmeric,24687.24,26478.54,29783.88,27548.94,30300.17,32467.59,35566.33,38388.43,40044.87,44873.19,,,,,
433,Manipur,Maize,45653.22,47474.25,52789.21,52987.01,53001.05,53753.88,61329.7,66968.96,70934.11,72312.58,,,,,
434,Manipur,Sesamum,15398.29,16092.25,18990.21,17236.98,18234.33,18898.02,19026,19523.65,20021.12,24787.21,,,,,
435,Manipur,Cotton(lint),38956.26,44682.76,42367.23,45678.02,49658.72,54317.49,55005.3,58479.32,60189.37,59023.55,,,,,
436,Manipur,Arhar/Tur,25398.25,22251.28,27890.45,34567.2,38201.33,41578.82,43258.02,44687.24,45278.85,48444.9,,,,,
437,Meghalaya,Arhar/Tur,23988.24,24933,26884.47,30658.24,29752.01,32576.4,35297.98,41328.57,40769.14,44407.98,,,,,
438,Meghalaya,Banana,33344.33,35204.88,36482.15,37347.33,40653.24,43344.14,44325.52,47364.01,50471.77,54762.03,,,,,
439,Meghalaya,Castor seed,22646.08,26052.49,27854.32,28341.01,29645.98,31254.87,33344.33,35204.88,37347.33,40653.24,,,,,
440,Meghalaya,Coriander,11361.7,12384.41,13251.82,15429.09,16721.78,16999.98,18188.88,20916.67,22221.86,23876.01,,,,,
441,Meghalaya,Cotton(lint),38956.26,44682.76,42367.23,45678.02,49658.72,54317.49,55005.3,58479.32,60189.37,61324.47,,,,,
442,Meghalaya,Cowpea(Lobia),22950.21,23648.36,25874.63,27896.03,29634.28,30005.74,32698.02,33566.66,35698.21,38476.78,,,,,
443,Meghalaya,Dry chillies,31850.01,33349.2,40769.14,44407.98,47123.22,49493.47,51151.69,55780.76,56476,57896.37,,,,,
444,Meghalaya,Garlic,18990.21,17236.98,18234.33,18898.02,19026,19523.65,20021.12,24787.21,250486.63,288970.96,,,,,
445,Meghalaya,Ginger,90054.23,112345.68,165890.83,176259.3,196357.34,222002,250486.63,288970.96,322458.02,355001.82,,,,,
446,Meghalaya,Gram,38956.26,44682.76,42367.23,45678.02,49658.72,54317.49,55005.3,58479.32,60189.37,61324.47,,,,,
447,Meghalaya,Jute,41265.39,47558.94,53347.39,57756.91,60047,62740.33,64211.48,69789.99,72323.23,78646.63,,,,,
448,Meghalaya,Maize,17927.61,20948.09,22251.28,27890.45,34567.2,38201.33,41578.82,52222.22,56237.91,59432.83,,,,,
449,Meghalaya,Masoor,11547.45,12768.21,13437,13892.64,13999.32,14630.25,15239.29,15824,16325.12,18754.26,,,,,
450,Meghalaya,Millets,9001.25,10256.58,11329.45,11876.36,12356.38,12999.09,13090,13509.26,1379.86,14111.11,,,,,
451,Meghalaya,Paddy,23988.24,24933,26884.47,30658.24,29752.01,32576.4,35297.98,41328.57,46000,48977.77,,,,,
452,Meghalaya,Peas and Beans,22950.21,23648.36,25874.63,27896.03,29634.28,30005.74,32698.02,33566.66,35698.21,38476.78,,,,,
453,Meghalaya,Potato,75191.07,48768.38,50263.65,56894.36,61324.47,70360.87,73648.34,87234.21,95245.02,100583.62,,,,,
454,Meghalaya,Rapeseed &Mustard,18694.15,22174.72,29752.01,32576.4,35297.98,41328.57,46000,48977.77,51748.32,55836.65,,,,,
455,Meghalaya,Sesamum,15398.29,16092.25,18990.21,17236.98,18234.33,18898.02,19026,19523.65,20021.12,24787.21,,,,,
456,Meghalaya,Soyabean,24687.24,26478.54,29783.88,27548.94,30300.17,32467.59,35566.33,38388.43,40044.87,44873.19,,,,,
457,Meghalaya,Sugarcane,108679.06,110587.3,114200.71,133445.28,145547.39,150248.97,177788.32,180749.03,190879.56,197364.42,,,,,
458,Meghalaya,Sweet potato,19523.65,20149.01,22473.66,23487.75,25379.58,27776.86,29001.28,30250.99,32573.33,35247.2,,,,,
459,Meghalaya,Tobacco,50263.65,56894.36,61324.47,70360.87,73648.34,87234.21,95245.02,96342.01,98800.64,99542.56,,,,,
460,Meghalaya,Turmeric,25908.01,27776.86,29001.28,30250.99,34589.98,33487.24,37852,38470.47,39020.57,42368.89,,,,,
461,Meghalaya,Wheat,17862.22,21772.14,23487.75,25379.58,27776.86,29001.28,30250.99,33587.21,40327.02,44210.22,,,,,
462,Meghalaya,Linseed,27548.94,30300.17,32467.59,35566.33,38388.43,40044.87,41325.34,42368.89,44873.19,45004.37,,,,,
463,Mizoram,Arhar/Tur,22587.12,25497.33,27951.59,29478.11,32110.54,33489.98,35470,36102.25,37589.19,38597.86,,,,,
464,Mizoram,Coconut,62859.52,67245.02,75294.82,82493.24,87591.26,91002.57,96352.49,102301.01,105355.55,115830.48,,,,,
465,Mizoram,Cotton(lint),45203.29,47232.78,55024.18,59001.73,63360.86,66472.84,69969.96,72245.8,77477.77,84752.34,,,,,
466,Mizoram,Cowpea(Lobia),24024.77,25497.33,27951.59,29478.11,32110.54,33489.98,36480.58,38824.33,40058.66,41780.03,,,,,
467,Mizoram,Gram,25497.63,28249.95,31250,33498.56,36459.55,38213.48,40690.98,44638.7,48795.43,52348.02,,,,,
468,Mizoram,Groundnut,32874.84,38824.33,40058.66,42067.59,45348.42,50193.53,55836.65,58472.54,64844.41,65387.32,,,,,
469,Mizoram,Maize,42896.58,48795.43,47558.94,53347.39,57756.91,60047,62740.33,64211.48,69789.99,72489.78,,,,,
470,Mizoram,Masoor,11547.45,12768.21,13437,13892.64,13999.32,14630.25,15239.29,15824,16325.12,18754.26,,,,,
471,Mizoram,Moong(Green Gram),11489.37,13425.88,16478.12,18475.42,20498.75,22471.71,23300.2,24351.74,25479.8,27405.18,,,,,
472,Mizoram,Paddy,43019.85,49142.99,50193.53,55836.65,58472.54,64844.41,65387.32,78057.17,77477.77,84752.34,,,,,
473,Mizoram,Peas and Beans,22950.21,23648.36,25874.63,27896.03,29634.28,30005.74,32698.02,33566.66,35698.21,38476.78,,,,,
474,Mizoram,Potato,96665.14,108621.3,124632.02,132045.14,144002.49,154978.98,166442.19,175276.95,178524.58,182045.87,,,,,
475,Mizoram,Rapeseed &Mustard,30432.66,30890.25,31250,33498.56,36459.55,38213.48,40690.98,46141.46,44638.7,48795.43,,,,,
476,Mizoram,Sesamum,23280.94,28107.52,32874.84,38824.33,40058.66,42067.59,45348.42,54750.89,50193.53,55836.65,,,,,
477,Mizoram,Soyabean,26111.52,30746.91,33433.01,35200.69,39521.45,40265.88,42220.51,44677.9,48382.47,52200.7,,,,,
478,Mizoram,Sugarcane,127319,124498.9,129099.45,145987.3,163527.8,177890.02,184356.14,203849.25,196998.77,210332.33,,,,,
479,Mizoram,Tobacco,50193.53,55836.65,59748.37,65387.32,78057.17,77477.77,84752.34,87591.26,91002.57,96352.49,,,,,
480,Mizoram,Urad,19087.25,16824.21,18795.33,20149.01,22473.66,23487.75,25379.58,27776.86,314258.37,322458.02,,,,,
481,Mizoram,Wheat,37166.91,40578.49,38824.33,40058.66,42067.59,45348.42,46875.02,47779.89,50193.53,54750.89,,,,,
482,Mizoram,Sunflower,25963.35,26478.99,27516.9,28473.9,29003.51,30249.26,31648.54,33498.56,36459.55,38213.48,,,,,
483,Nagaland,Arhar/Tur,25398.25,22251.28,27890.45,34567.2,38201.33,41578.82,43258.02,44687.24,45278.85,48444.9,,,,,
484,Nagaland,Bajra,18795.33,20149.01,22473.66,23487.75,25379.58,27776.86,29001.28,30250.99,32573.33,35247.2,,,,,
485,Nagaland,Barley,38956.26,44682.76,42367.23,45678.02,49658.72,54317.49,55005.3,58479.32,60189.37,59023.55,,,,,
486,Nagaland,Castor seed,22950.21,23648.36,25874.63,27896.03,29634.28,30005.74,32698.02,33566.66,35698.21,38476.78,,,,,
487,Nagaland,Cotton(lint),38956.26,44682.76,42367.23,45678.02,49658.72,54317.49,55005.3,58479.32,60189.37,59023.55,,,,,
488,Nagaland,Cowpea(Lobia),24036.33,31245.67,28401.01,30147.69,33472.14,36478.25,38471.41,37489.15,42042.01,43874.51,,,,,
489,Nagaland,Dry chillies,30997.8,31765.01,32845.56,35657.08,38097.02,40070.24,41444.44,45673.2,45679.99,46992.87,,,,,
490,Nagaland,Ginger,90054.23,112345.68,165890.83,176259.3,196357.34,222002,250486.63,288970.96,322458.02,355001.82,,,,,
491,Nagaland,Gram,24687.24,26478.54,29783.88,27548.94,30300.17,32467.59,35566.33,38388.43,40044.87,44873.19,,,,,
492,Nagaland,Groundnut,27897.36,29999.99,30789.43,35487.47,37984.87,39875.37,41287.25,45876.92,50044.83,55377.74,,,,,
493,Nagaland,Horse-gram,11547.45,12768.21,13437,13892.64,13999.32,14630.25,15239.29,15824,16325.12,18754.26,,,,,
494,Nagaland,Jowar,25398.25,22251.28,27890.45,34567.2,38201.33,41578.82,43258.02,44687.24,45278.85,48444.9,,,,,
495,Nagaland,Jute,41265.39,47558.94,53347.39,57756.91,60047,62740.33,64211.48,69789.99,72323.23,78646.63,,,,,
496,Nagaland,Linseed,28276,30100.54,33987.57,36854.55,37745.24,38988.88,40600.07,41999.99,44002.36,45047.31,,,,,
497,Nagaland,Maize,45653.22,47474.25,52789.21,52987.01,53001.05,53753.88,61329.7,66968.96,70934.11,72312.58,,,,,
498,Nagaland,Masoor,11547.45,12768.21,13437,13892.64,13999.32,14630.25,15239.29,15824,16325.12,18754.26,,,,,
499,Nagaland,Millets,9001.25,10256.58,11329.45,11876.36,12356.38,12999.09,13090,13509.26,1379.86,14111.11,,,,,
500,Nagaland,Moong(Green Gram),12349.24,145547.39,150248.97,177788.32,180749.03,25247.35,22876.34,24573.57,26785.35,28654.51,,,,,
501,Nagaland,Niger seed,9873.21,12486.75,15684.83,180749.03,25247.35,22876.34,24573.57,26785.35,28654.51,29643.48,,,,,
502,Nagaland,Paddy,25884.38,27833.18,24036.33,31245.67,28401.01,30147.69,33472.14,36478.25,38471.41,37489.15,,,,,
503,Nagaland,Peas and Beans,22950.21,23648.36,25874.63,27896.03,29634.28,30005.74,32698.02,33566.66,35698.21,38476.78,,,,,
504,Nagaland,Potato,64844.41,65387.32,70005.63,74125.08,79846.27,89035.21,92584.11,100333.22,97586.33,101010,,,,,
505,Nagaland,Ragi,31448.52,32934.11,34568.21,36581.08,37177.3,40078.9,43254.32,58063.38,59099.23,59797.78,,,,,
506,Nagaland,Rapeseed &Mustard,18694.15,22174.72,29752.01,32576.4,35297.98,41328.57,46000,48977.77,51748.32,55836.65,,,,,
507,Nagaland,Sesamum,15398.29,16092.25,18990.21,17236.98,18234.33,18898.02,19026,19523.65,20021.12,24787.21,,,,,
508,Nagaland,Soyabean,24687.24,26478.54,29783.88,27548.94,30300.17,32467.59,35566.33,38388.43,40044.87,44873.19,,,,,
509,Nagaland,Sugarcane,127319,111609.21,129099.45,145987.3,163527.8,177890.02,184356.14,203849.25,196998.77,210332.33,,,,,
510,Nagaland,Sunflower,20361.77,25247.35,22876.34,24573.57,26785.35,28753.57,29410.48,30285.59,32233.33,34878.88,,,,,
511,Nagaland,Sweet potato,18795.33,20149.01,22473.66,23487.75,25379.58,27776.86,29001.28,30250.99,32573.33,35247.2,,,,,
512,Nagaland,Turmeric,24687.24,26478.54,29783.88,27548.94,30300.17,32467.59,35566.33,38388.43,40044.87,44873.19,,,,,
513,Nagaland,Urad,18795.33,20149.01,22473.66,23487.75,25379.58,27776.86,29001.28,30250.99,32573.33,35247.2,,,,,
514,Nagaland,Wheat,33087.47,35678.17,39830.15,44460.01,47988.38,48522.02,49865.25,50980.11,51098.92,53421.29 ,,,,,
515,Odisha,Arhar/Tur,15739.92,15169.22,19993.36,21583.02,24875.31,26473.54,29900.95,32674.42,35204.88,37480.49,,,,,
516,Odisha,Castor seed,26483.21,28535.64,30246.49,33498.24,34681.33,35962.01,37456.88,40653.24,43344.14,44325.52,,,,,
517,Odisha,Coriander,11456.34,12357.19,13572.59,15624.75,16753.98,17456.24,19159.39,20042.33,22255.62,24287.43,,,,,
518,Odisha,Cotton(lint),39103.06,43434.33,45348.42,50193.53,55836.65,58472.54,64844.41,69689.45,70005.63,74125.08,,,,,
519,Odisha,Cowpea(Lobia),22478.09,24016.68,25963.35,27516.9,29003.51,31064.62,33003.67,34957.78,36541.25,38592.01,,,,,
520,Odisha,Dry chillies,32015.32,34025.35,35208,37286.43,40137.94,42012.22,45031.86,47526.61,50193.53,52041.11,,,,,
521,Odisha,Garlic,20324.84,21648.21,22466.06,23001.59,25417.9,26480.34,28316.54,29413.44,31648.54,32406.66,,,,,
522,Odisha,Ginger,102465.21,123493.49,134952.02,165489.24,195487.97,200495.46,222403,289634.14,274098.69,310348.74,,,,,
523,Odisha,Gram,18657.75,29948.11,31248.62,33420,36487.46,37002.58,40058.66,42067.59,45348.42,48567.09,,,,,
524,Odisha,Groundnut,32874.84,38824.33,40058.66,42067.59,45348.42,50193.53,55836.65,58472.54,64844.41,65387.32,,,,,
525,Odisha,Horse-gram,11547.45,12768.21,13437,13892.64,13999.32,14630.25,15239.29,15824,16325.12,18754.26,,,,,
526,Odisha,Maize,16424.9,23063.24,24834.68,29485.34,30245.73,36498.75,40283.67,43746.47,48520.19,52004.38,,,,,
527,Odisha,Millets,9001.25,10256.58,11329.45,11876.36,12356.38,12999.09,13090,13509.26,1379.86,14111.11,,,,,
528,Odisha,Moong(Green Gram),11560.04,13352.63,14526.35,16489.85,17549.53,18659.49,19587.29,20299.44,23063.24,24834.68,,,,,
529,Odisha,Niger seed,10198.28,13951.74,14526.35,16489.85,17549.53,18659.49,19587.29,20299.44,23001.59,25417.9,,,,,
530,Odisha,Onion,52348.77,59420.65,66945.16,77245.01,81235.25,83322.56,96583.21,102465.21,123493.49,134952.02,,,,,
531,Odisha,Paddy,51279.34,53813.93,52348.77,53001.89,55836.65,58472.54,59240.33,60103.66,64844.41,66945.16,,,,,
532,Odisha,Potato,60497.24,66945.16,69487.5,72439.43,77245.01,81235.25,83322.56,85473.52,90248.84,96583.21,,,,,
533,Odisha,Ragi,40653.24,43344.14,44325.52,45031.86,48316.36,49577.96,52348.77,54237.24,58240.98,60497.24,,,,,
534,Odisha,Rapeseed &Mustard,22649.54,28892.26,32015.32,37286.43,40137.94,42012.22,45031.86,48316.36,50193.53,52041.11,,,,,
535,Odisha,Safflower,25963.35,26478.99,27516.9,28473.9,29003.51,30249.26,31648.54,32406.66,33498.24,34217.91,,,,,
536,Odisha,Sesamum,13274.65,12512.74,11876.36,12356.38,12999.09,13090,13509.26,13336.71,14526.35,16489.85,,,,,
537,Odisha,Sugarcane,81235.25,83322.56,85473.52,90248.84,96583.21,102465.21,123493.49,134952.02,155426.86,182460,,,,,
538,Odisha,Sunflower,20324.84,21648.21,22466.06,23001.59,25417.9,26480.34,28316.54,29413.44,31648.54,32406.66,,,,,
539,Odisha,Sweet potato,22478.09,24016.68,25963.35,27516.9,29003.51,31064.62,33003.67,34957.78,36541.25,38592.01,,,,,
540,Odisha,Tobacco,53001.89,59240.33,60497.24,66945.16,69487.5,72439.43,81235.25,83322.56,90248.84,96583.21,,,,,
541,Odisha,Turmeric,24735.19,29003.51,31064.62,33003.67,36541.25,38592.01,37286.43,42012.22,45031.86,48316.36,,,,,
542,Odisha,Urad,12953.23,12802.24,13951.74,14526.35,16489.85,17549.53,18659.49,19015.13,20299.44,23001.59,,,,,
543,Odisha,Wheat,27532.33,33396.15,37286.43,40137.94,42012.22,45031.86,48316.36,49577.96,52348.77,54237.24,,,,,
544,Odisha,Jowar,18597.79,16106.85,20167.68,24036.89,27583.33,30148.24,33497.26,37530.72,40278.34,47103.4,,,,,
545,Odisha,Jute,41208.2,50522.69,59240.33,60497.24,66945.16,69487.5,72439.43,78646.63,81235.25,83322.56,,,,,
546,Odisha,Linseed,30240.87,32015.32,34025.35,35208,37286.43,38425.88,40155.25,42133.73,43158.01,46879.64,,,,,
547,Odisha,Masoor,11547.45,12768.21,13437,13892.64,13999.32,14630.25,15239.29,15824,16325.12,18754.26,,,,,
548,Odisha,Bajra,12132.59,14446.99,15632.25,17357.57,19537.59,24440,26321.75,29169.11,30159.35,32659.87,,,,,
549,Odisha,Soyabean,20036.58,22561.37,25963.35,27516.9,29003.51,31064.62,33003.67,34753.4,37286.43,42012.22,,,,,
550,Punjab,Arhar/Tur,22015.29,25336.87,26489.55,30148.23,32548.5,35249.99,36470,39427.53,41234.19,43305.33,,,,,
551,Punjab,Bajra,22015.29,25336.87,26489.55,30148.23,32548.5,35249.99,36470,39427.53,41234.19,43305.33,,,,,
552,Punjab,Cotton(lint),59289.06,66697.56,68472.22,73913.41,75411.11,78549.92,83041.87,86268.41,89421,94287.35,,,,,
553,Punjab,Gram,14646.41,22226.27,24097.39,26489.55,30148.23,32548.5,35249.99,41588.31,43305.33,45022.66,,,,,
554,Punjab,Maize,26224.13,27539.49,30148.23,32548.5,35249.99,41588.31,43305.33,45604.96,55664.05,58034.25,,,,,
555,Punjab,Masoor,11950,12768.21,13437,13892.64,13999.32,14630.25,15239.29,15824,16325.12,18754.26,,,,,
556,Punjab,Moong(Green Gram),14347.47,17423.8,17999,18420.61,19584.82,20021.12,21470.87,22343.09,25487.14,27141.19,,,,,
557,Punjab,Paddy,50632.4,59767.05,66697.56,68472.22,73913.41,75411.11,78549.92,81377.82,83041.87,86268.41,,,,,
558,Punjab,Peas and Beans,22226.27,24097.39,26489.55,27410.58,28520.02,29450.85,32707.06,35249.99,37002.15,38822.21,,,,,
559,Punjab,Rapeseed &Mustard,20829.25,28041.38,29450.85,32707.06,35249.99,37002.15,38822.21,43305.33,45022.66,49254.42,,,,,
560,Punjab,Sesamum,9908.21,14447.06,154978.98,166442.19,175276.95,182045.87,20145.87,22874.62,22226.27,24097.39,,,,,
561,Punjab,Sugarcane,127319,124498.9,129099.45,145987.3,163527.8,177890.02,184356.14,203849.25,210332.33,234688.75,,,,,
562,Punjab,Sunflower,25336.87,24097.39,27410.58,28041.38,29450.85,30148.23,31054.82,32707.06,34572.84,36487.2,,,,,
563,Punjab,Urad,16353.69,18608.35,210332.33,234688.75,25336.87,27410.58,28066.71,29495.26,32707.06,34201,,,,,
564,Punjab,Wheat,42983.98,49298.84,54780.97,58947.33,62510.16,60340,63214.83,65692.55,66697.56,68472.22,,,,,
565,Punjab,Barley,24097.39,39952.37,42530.69,45216.48,48202.02,54780.97,58947.33,62510.16,60340,63214.83,,,,,
566,Punjab,Groundnut,41448.5,55664.05,58034.25,60452.33,63369.59,68423.32,70934.11,75509,77350.11,80423,,,,,
567,Punjab,Jowar,13045.45,14658.98,18420.61,20021.12,24857.07,25336.87,29450.85,32707.06,35249.99,37002.15,,,,,
568,Punjab,Linseed,29450.85,32707.06,34201,35014.28,37582.44,38822.21,39524.08,40128.54,43305.33,45022.66,,,,,
569,Rajasthan,Arhar/Tur,22015.29,25336.87,26489.55,30148.23,32548.5,35249.99,36470,39427.53,41234.19,43305.33,,,,,
570,Rajasthan,Bajra,12263.97,16867.91,18524.58,20473.29,21967.64,24186.85,27002.1,29161.11,32587.44,35406.69,,,,,
571,Rajasthan,Barley,24097.39,39952.37,42530.69,45216.48,48202.02,54780.97,58947.33,62510.16,60340,63214.83,,,,,
572,Rajasthan,Castor seed,26483.21,28535.64,30246.49,33498.24,34681.33,35962.01,37456.88,40653.24,43344.14,44325.52,,,,,
573,Rajasthan,Coriander,15398.29,16092.25,18990.21,17236.98,18234.33,18898.02,19026,19523.65,20021.12,24787.21,,,,,
574,Rajasthan,Cotton(lint),44005.58,54276.25,56428.88,59720.31,62450.01,64201.85,68472.22,73913.41,75411.11,78549.92,,,,,
575,Rajasthan,Cowpea(Lobia),23410.87,26482.15,29748.77,32441.61,34201,35014.28,37582.44,38822.21,39524.08,40128.54,,,,,
576,Rajasthan,Dry chillies,34221.76,36420.04,35870.56,37002.15,40025.87,42165.83,44350.17,47258.91,50284.63,56749.47,,,,,
577,Rajasthan,Garlic,18420.61,19523.65,20021.12,23410.87,24857.07,25336.87,26489.55,27115.55,28440.38,29450.85,,,,,
578,Rajasthan,Gram,14646.41,22226.27,24097.39,26489.55,30148.23,32548.5,35249.99,41588.31,43305.33,45022.66,,,,,
579,Rajasthan,Groundnut,41448.5,55664.05,58034.25,60452.33,63369.59,68423.32,70934.11,75509,77350.11,80423,,,,,
580,Rajasthan,Jowar,13045.45,14658.98,18420.61,20021.12,24857.07,25336.87,29450.85,32707.06,35249.99,37002.15,,,,,
581,Rajasthan,Linseed,29450.85,32707.06,34201,35014.28,37582.44,38822.21,39524.08,40128.54,43305.33,45022.66,,,,,
582,Rajasthan,Maize,26224.13,27539.49,30148.23,32548.5,35249.99,41588.31,43305.33,45604.96,55664.05,58034.25,,,,,
583,Rajasthan,Masoor,11950,12768.21,13437,13892.64,13999.32,14630.25,15239.29,15824,16325.12,18754.26,,,,,
584,Rajasthan,Millets,9001.25,10256.58,11329.45,11876.36,12356.38,12999.09,13090,13509.26,1379.86,14111.11,,,,,
585,Rajasthan,Moong(Green Gram),14347.47,17423.8,17999,18420.61,19584.82,20021.12,21470.87,22343.09,25487.14,27141.19,,,,,
586,Rajasthan,Onion,55664.05,58034.25,63369.59,68423.32,70934.11,77350.11,83041.87,89547.34,94287.77,102201.21,,,,,
587,Rajasthan,Paddy,23998.24,25648.21,26482.15,29748.77,32441.61,34201,43305.33,45604.96,55664.05,58034.25,,,,,
588,Rajasthan,Peas and Beans,22226.27,24097.39,26489.55,27410.58,28520.02,29450.85,32707.06,35249.99,37002.15,38822.21,,,,,
589,Rajasthan,Potato,96665.14,108621.3,124632.02,132045.14,144002.49,154978.98,166442.19,175276.95,178524.58,182045.87,,,,,
590,Rajasthan,Rapeseed &Mustard,20829.25,28041.38,29450.85,32707.06,35249.99,37002.15,38822.21,43305.33,45022.66,49254.42,,,,,
591,Rajasthan,Sesamum,9908.21,14447.06,154978.98,166442.19,175276.95,182045.87,20145.87,22874.62,22226.27,24097.39,,,,,
592,Rajasthan,Soyabean,19082.23,19594.76,20145.87,22874.62,24097.39,26489.55,27410.58,28066.71,32707.06,35249.99,,,,,
593,Rajasthan,Sugarcane,127319,124498.9,129099.45,145987.3,163527.8,177890.02,184356.14,203849.25,210332.33,234688.75,,,,,
594,Rajasthan,Sunflower,25336.87,24097.39,27410.58,28041.38,29450.85,30148.23,31054.82,32707.06,34572.84,36487.2,,,,,
595,Rajasthan,Sweet potato,20146.28,25336.87,27410.58,29450.85,30148.23,31054.82,32707.06,34572.84,36487.2,40215.34,,,,,
596,Rajasthan,Urad,16353.69,18608.35,210332.33,234688.75,25336.87,27410.58,28066.71,29495.26,32707.06,34201,,,,,
597,Rajasthan,Wheat,31630.89,40826.2,43305.33,45604.96,55664.05,58034.25,63369.59,69372.61,68423.32,70934.11,,,,,
598,Rajasthan,Banana,35014.28,37582.44,38822.21,39524.08,40128.54,43305.33,45022.66,47258.91,55664.05,58034.25,,,,,
599,Rajasthan,Ginger,95473.2,112345.68,165890.83,176259.3,196357.34,222002,250486.63,288970.96,314258.37,333025.47,,,,,
600,Rajasthan,Tobacco,55664.05,58034.25,63369.59,69372.61,77350.11,83041.87,89547.34,94287.77,95473.2,112345.68,,,,,
601,Rajasthan,Turmeric,27410.58,29450.85,31054.82,32707.06,34572.84,36487.2,38822.21,40128.54,43305.33,45604.96,,,,,
602,Sikkim,Barley,25963.35,28107.52,32874.84,38824.33,42067.59,45348.42,54750.89,50193.53,55836.65,59748.37,,,,,
603,Sikkim,Cowpea(Lobia),24024.77,25497.33,27951.59,29478.11,32110.54,33489.98,36480.58,38824.33,40058.66,41780.03,,,,,
604,Sikkim,Maize,42896.58,48795.43,47558.94,53347.39,57756.91,60047,62740.33,64211.48,69789.99,72489.78,,,,,
605,Sikkim,Millets,9001.25,10256.58,11329.45,11876.36,12356.38,12999.09,13090,13509.26,1379.86,14111.11,,,,,
606,Sikkim,Paddy,43019.85,49142.99,50193.53,55836.65,58472.54,64844.41,65387.32,78057.17,77477.77,84752.34,,,,,
607,Sikkim,Potato,96665.14,108621.3,124632.02,132045.14,144002.49,154978.98,166442.19,175276.95,178524.58,182045.87,,,,,
608,Sikkim,Rapeseed &Mustard,30432.66,30890.25,31250,33498.56,36459.55,38213.48,40690.98,46141.46,44638.7,48795.43,,,,,
609,Sikkim,Soyabean,26111.52,30746.91,33433.01,35200.69,39521.45,40265.88,42220.51,44677.9,48382.47,52200.7,,,,,
610,Sikkim,Urad,19087.25,16824.21,18795.33,20149.01,22473.66,23487.75,25379.58,27776.86,314258.37,322458.02,,,,,
611,Sikkim,Wheat,37166.91,40578.49,38824.33,40058.66,42067.59,45348.42,46875.02,47779.89,50193.53,54750.89,,,,,
612,Tamil Nadu,Arhar/Tur,22668.07,26520.94,36482.15,37347.33,40653.24,43344.14,44325.52,50883,47364.01,50471.77,,,,,
613,Tamil Nadu,Bajra,12132.59,14446.99,15632.25,17357.57,19537.59,24440,26321.75,29169.11,30159.35,32659.87,,,,,
614,Tamil Nadu,Banana,33344.33,35204.88,36482.15,37347.33,40653.24,43344.14,44325.52,47364.01,50471.77,54762.03,,,,,
615,Tamil Nadu,Castor seed,22646.08,26052.49,27854.32,28341.01,29645.98,31254.87,33344.33,35204.88,37347.33,40653.24,,,,,
616,Tamil Nadu,Coconut,68390.65,74180.36,83861.03,91452.23,100235.5,124010.31,143645.33,150090.7,157320.1,166420.22,,,,,
617,Tamil Nadu,Coriander,15398.29,16092.25,18990.21,17236.98,18234.33,18898.02,19026,19523.65,20021.12,24787.21,,,,,
618,Tamil Nadu,Cotton(lint),56747.52,61318.9,68390.65,74180.36,83861.03,91452.23,100235.5,124010.31,83322.56,96583.21,,,,,
619,Tamil Nadu,Dry chillies,33344.33,35204.88,36482.15,37347.33,40653.24,43344.14,44325.52,47364.01,50471.77,54762.03,,,,,
620,Tamil Nadu,Groundnut,38249.59,47915.18,54762.03,63330,78159.35,83861.03,79837.62,91452.23,83322.56,96583.21,,,,,
621,Tamil Nadu,Horse-gram,11547.45,12768.21,13437,13892.64,13999.32,14630.25,15239.29,16524,17452.58,18476.25,,,,,
622,Tamil Nadu,Jowar,15624.02,34744.47,36482.15,37347.33,40653.24,43344.14,44325.52,51088.1,50471.77,54762.03,,,,,
623,Tamil Nadu,Maize,43460.55,57022.58,54762.03,63330,78159.35,83861.03,79837.62,96050.07,89035.21,92584.11,,,,,
624,Tamil Nadu,Millets,9001.25,10256.58,11329.45,11876.36,12356.38,12999.09,13090,13509.26,1379.86,14111.11,,,,,
625,Tamil Nadu,Moong(Green Gram),11574.35,14007.79,16474.59,21794.58,22646.08,26052.49,27854.32,29436.72,29645.98,31254.87,,,,,
626,Tamil Nadu,Onion,26052.49,24329.46,35648.33,44303.01,50247.89,63330,78159.35,83322.56,96583.21,100235.5,,,,,
627,Tamil Nadu,Paddy,32229.35,40146.68,44325.52,47364.01,54762.03,63330,78159.35,83861.03,79837.62,82109.01,,,,,
628,Tamil Nadu,Ragi,22808.01,23225.58,24329.46,35648.33,44303.01,50247.89,54762.03,58314.09,63330,70005.63,,,,,
629,Tamil Nadu,Sesamum,19423.61,30069.76,37621.04,39435,41327.08,48236.62,50600,55002.17,44983.21,46952.11,,,,,
630,Tamil Nadu,Sugarcane,113058.6,133840.6,141118.33,165489.33,174582.68,184579.2,195860.22,214852.28,217659.38,220048.95,,,,,
631,Tamil Nadu,Sunflower,13916.81,16159.66,17452.58,18476.25,21453.98,24631.05,26483.21,28535.64,30246.49,33498.24,,,,,
632,Tamil Nadu,Sweet potato,18476.25,21453.98,24631.05,26483.21,28535.64,30246.49,33498.24,34681.33,35962.01,37456.88,,,,,
633,Tamil Nadu,Turmeric,26483.21,28535.64,30246.49,33498.24,34681.33,35962.01,37456.88,40653.24,43344.14,44325.52,,,,,
634,Tamil Nadu,Urad,17422.14,216682.35,26052.49,29645.98,33344.33,37347.33,48653.2,52440.32,50600,54762.03,,,,,
635,Tamil Nadu,Cowpea(Lobia),21034.87,22646.08,26052.49,27854.32,28341.01,29645.98,31254.87,33344.33,35204.88,37347.33,,,,,
636,Tamil Nadu,Garlic,19087.25,19635.25,20658.96,21034.87,22646.08,26052.49,27854.32,28341.01,29645.98,31254.87,,,,,
637,Tamil Nadu,Ginger,90054.23,112345.68,165890.83,176259.3,196357.34,222002,250486.63,288970.96,322458.02,334578.54,,,,,
638,Tamil Nadu,Gram,16474.59,21794.58,28341.01,29645.98,31254.87,33344.33,35204.88,38444.48,40238.66,42658.33,,,,,
639,Tamil Nadu,Peas and Beans,21045.984,22646.08,26052.49,27854.32,28341.01,29645.98,30711.6,33344.33,35204.88,36426,,,,,
640,Tamil Nadu,Rapeseed &Mustard,21453.98,24631.05,27568.66,29465.31,30420.42,34285.48,37534.24,41002.95,44878.88,48653.2,,,,,
641,Tamil Nadu,Tobacco,52476.25,55487.31,58641.02,62478.33,78159.35,80763.39,81235.25,83322.56,96583.21,100235.5,,,,,
642,Tamil Nadu,Wheat,33344.33,35204.88,36482.15,37347.33,40653.24,43344.14,44325.52,47364.01,50471.77,54762.03,,,,,
643,Tamil Nadu,Potato,64844.41,65387.32,70005.63,74125.08,79846.27,89035.21,92584.11,100333.22,97586.33,101010,,,,,
644,Telangana,Arhar/Tur,24794.18,33439.35,30100.54,33987.57,36854.55,37745.24,38988.88,40600.07,41999.99,44002.36,,,,,
645,Telangana,Bajra,20499.59,25938.29,30603.01,38822.33,43333.26,44983.21,46952.11,47583.56,47972.05,47321.23,,,,,
646,Telangana,Banana,35089.03,36000,37621.04,39435,41327.08,48236.62,48777.33,50600,54000,56000,,,,,
647,Telangana,Castor seed,25907.21,27432.32,28325.69,29941,33348.78,35612.01,39547.99,40654.02,41658.22,42373.85,,,,,
648,Telangana,Coriander,11361.7,12384.41,13251.82,15429.09,16721.78,16999.98,18188.88,20916.67,22221.86,23876.01,,,,,
649,Telangana,Cotton(lint),49401.44,61634,59669.66,67325.77,79837.62,82109.01,86000,91532.27,91956.33,92567.72,,,,,
650,Telangana,Cowpea(Lobia),22098.32,25487.38,28754.69,29212,30101.37,33908.21,34653.14,36098.88,38181.15,39222,,,,,
651,Telangana,Dry chillies,33087.47,35678.17,39830.15,44460.01,47988.38,48522.02,49865.25,50980.11,51098.92,53421.29 ,,,,,
652,Telangana,Garlic,19087.25,16824.21,18795.33,20149.01,22473.66,23487.75,25379.58,27776.86,29001.28,30250.99,,,,,
653,Telangana,Ginger,90054.23,112345.68,165890.83,176259.3,196357.34,222002,250486.63,288970.96,314258.37,322458.02,,,,,
654,Telangana,Gram,27009.25,28608.56,37897.44,42890,47413.8,48900.28,50040.76,53547.02,55098.52,55752.43,,,,,
655,Telangana,Groundnut,52622.39,65632.13,52987.01,53001.05,53753.88,61329.7,66968.96,70934.11,72312.58,76301.02,,,,,
656,Telangana,Horse-gram,11992.24,1209.2,14578.03,15433.33,16789.01,17609.75,18897.32,19298.44,18314.52,18602.11,,,,,
657,Telangana,Jowar,31448.52,28665.36,34568.21,36581.08,37177.3,40078.9,43254.32,58063.38,59099.23,59797.78,,,,,
658,Telangana,Linseed,30997.8,31765.01,32845.56,35657.08,38097.02,40070.24,41444.44,45673.2,45679.99,46992.87,,,,,
659,Telangana,Maize,46228.5,44038.14,55876.25,63986.81,65916.32,69777.02,72676.09,77284.13,78463.24,79636.25,,,,,
660,Telangana,Masoor,10002.23,10987.74,11547.45,12768.21,13437,13892.64,13999.32,14630.25,15239.29,15824,,,,,
661,Telangana,Millets,9001.25,10256.58,11329.45,11876.36,12356.38,12999.09,13090,13509.26,1379.86,14111.11,,,,,
662,Telangana,Moong(Green Gram),12787.6,14325.56,16006.32,20987.85,25132.57,25676.64,25987.65,26030.51,27896.32,28762.65,,,,,
663,Telangana,Onion,55005.08,93640.53,70454.2,89026.32,125716.2,133458.02,140454.32,167046.99,170365.02,172564.32,,,,,
664,Telangana,Paddy,51505.34,58624.18,57090.29,63567.13,78968.33,67908.98,76543.25,91224.81,77365,80001.2,,,,,
665,Telangana,Peas and Beans,22950.21,23648.36,25874.63,27896.03,29634.28,30005.74,32698.02,33566.66,35698.21,38476.78,,,,,
666,Telangana,Potato,64844.41,65387.32,70005.63,74125.08,79846.27,89035.21,92584.11,100333.22,97586.33,101010,,,,,
667,Telangana,Ragi,44682.76,35565.99,45678.02,49658.72,54317.49,55005.3,58479.32,60189.37,59023.55,61543.22,,,,,
668,Telangana,Rapeseed &Mustard,22645.54,24012.21,26789.25,30416.02,34818.04,45326.74,43568.55,48613.84,49587.41,50001.98,,,,,
669,Telangana,Safflower,17892.21,16790.02,19683.45,21584.36,22335.92,32574.89,36662.62,41607.59,42477.23,42983.01,,,,,
670,Telangana,Sesamum,16208,16804.2,18990.21,17236.98,18234.33,18898.02,19026,19523.65,20021.12,22232.65,,,,,
671,Telangana,Soyabean,26581.11,32658.87,39865.47,41325.01,40321.28,44467.76,47765.99,50421.07,52489.78,54214.7,,,,,
672,Telangana,Sugarcane,127319,124498.9,129099.45,145987.3,163527.8,177890.02,184356.14,203849.25,196998.77,210332.33,,,,,
673,Telangana,Sunflower,25132.62,26782.22,28564.21,30054.12,32370.95,31751.47,26748.57,28355.46,30148.47,33471.02,,,,,
674,Telangana,Sweet potato,19365.48,22287.14,25364.86,27356.13,28564.33,30020,33303.33,35224.24,36524.01,38000,,,,,
675,Telangana,Tobacco,50263.65,56894.36,61324.47,70360.87,73648.34,87234.21,95245.02,100583.62,103208.8,116918.03,,,,,
676,Telangana,Turmeric,27452.24,25678.71,28091.16,30346.91,33487.42,36420.02,39080.57,40035.95,42786.83,45783,,,,,
677,Telangana,Urad,20654.69,33307.67,25487.32,29476.32,33527.11,31277.14,32654.88,34847.96,35648.1,37895.08,,,,,
678,Telangana,Wheat,38468.99,39547.25,40058.02,42897.88,45249.89,48012.45,540254.66,55977.46,56364.87,58000.27,,,,,
679,Telangana,Coconut,66026.23,61097.14,66328.87,70870,75987.13,83111.28,87889.95,92045.74,98076.82,100021.31,,,,,
680,Telangana,Niger seed,10999.99,15026.33,13587.1,16478.42,17897.51,18020.22,20058.01,22662.69,25034.85,31023.5,,,,,
681,Tripura,Arhar/Tur,22587.12,25497.33,27951.59,29478.11,32110.54,33489.98,35470,36102.25,37589.19,38597.86,,,,,
682,Tripura,Cotton(lint),45203.29,47232.78,55024.18,59001.73,63360.86,66472.84,69969.96,72245.8,77477.77,84752.34,,,,,
683,Tripura,Cowpea(Lobia),24024.77,25497.33,27951.59,29478.11,32110.54,33489.98,36480.58,38824.33,40058.66,41780.03,,,,,
684,Tripura,Gram,25497.63,28249.95,31250,33498.56,36459.55,38213.48,40690.98,44638.7,48795.43,52348.02,,,,,
685,Tripura,Groundnut,32874.84,38824.33,40058.66,42067.59,45348.42,50193.53,55836.65,58472.54,64844.41,65387.32,,,,,
686,Tripura,Jute,41265.39,47558.94,53347.39,57756.91,60047,62740.33,64211.48,69789.99,72323.23,78646.63,,,,,
687,Tripura,Maize,42896.58,48795.43,47558.94,53347.39,57756.91,60047,62740.33,64211.48,69789.99,72489.78,,,,,
688,Tripura,Masoor,11950,12768.21,13437,13892.64,13999.32,14630.25,15239.29,15824,16325.12,18754.26,,,,,
689,Tripura,Moong(Green Gram),11489.37,13425.88,16478.12,18475.42,20498.75,22471.71,23300.2,24351.74,25479.8,27405.18,,,,,
690,Tripura,Paddy,43019.85,49142.99,50193.53,55836.65,58472.54,64844.41,65387.32,78057.17,77477.77,84752.34,,,,,
691,Tripura,Peas and Beans,22950.21,23648.36,25874.63,27896.03,29634.28,30005.74,32698.02,33566.66,35698.21,38476.78,,,,,
692,Tripura,Potato,96665.14,108621.3,124632.02,132045.14,144002.49,154978.98,166442.19,175276.95,178524.58,182045.87,,,,,
693,Tripura,Rapeseed &Mustard,30432.66,30890.25,31250,33498.56,36459.55,38213.48,40690.98,46141.46,44638.7,48795.43,,,,,
694,Tripura,Sesamum,23280.94,28107.52,32874.84,38824.33,40058.66,42067.59,45348.42,54750.89,50193.53,55836.65,,,,,
695,Tripura,Sugarcane,127319,124498.9,129099.45,145987.3,163527.8,177890.02,184356.14,203849.25,196998.77,210332.33,,,,,
696,Tripura,Urad,19087.25,16824.21,18795.33,20149.01,22473.66,23487.75,25379.58,27776.86,314258.37,322458.02,,,,,
697,Tripura,Wheat,37166.91,40578.49,38824.33,40058.66,42067.59,45348.42,46875.02,47779.89,50193.53,54750.89,,,,,
698,Uttar Pradesh,Arhar/Tur,24681.24,30354.34,28246.31,31548.24,33433.01,35200.69,39521.45,43301.87,42563.4,43001.94,,,,,
699,Uttar Pradesh,Bajra,19894.72,21266.84,22456.36,25491.87,27426.91,29753.48,30268.99,34463.8,38542.33,42002.34,,,,,
700,Uttar Pradesh,Barley,31574.15,35255.5,38654.26,40265.88,42220.51,47901.84,50055.26,55844.96,57302.35,59486.15,,,,,
701,Uttar Pradesh,Castor seed,24681.24,26255.33,30354.34,28246.31,31548.24,33433.01,35200.69,39521.45,40347.68,41876.43,,,,,
702,Uttar Pradesh,Coriander,11685.97,12480,13902.02,15023.74,16742.05,17623.35,18620.94,20201.19,21358.41,22570.65,,,,,
703,Uttar Pradesh,Cotton(lint),47520.33,52483.01,56230.26,58649.34,60235.83,63579.68,65942.5,66487.91,69933.27,73684.92,,,,,
704,Uttar Pradesh,Cowpea(Lobia),22025.93,24681.24,25491.87,27426.91,29753.48,30268.99,34463.8,35873.82,37548.98,38542.33,,,,,
705,Uttar Pradesh,Dry chillies,32480.25,33560.75,35255.5,38654.26,40265.88,42220.51,43001.94,47901.84,50055.26,55844.96,,,,,
706,Uttar Pradesh,Garlic,17623.35,18620.94,20201.19,21358.41,22570.65,24681.24,25491.87,27426.91,29753.48,30268.99,,,,,
707,Uttar Pradesh,Ginger,90258.48,111289.24,125732.94,145820.39,179522.01,199873.53,238734.82,267553,289302.73,312358.73,,,,,
708,Uttar Pradesh,Gram,26111.52,30746.91,33433.01,35200.69,39521.45,40265.88,42220.51,44677.9,48382.47,52200.7,,,,,
709,Uttar Pradesh,Groundnut,52483.01,56230.26,58649.34,60235.83,63579.68,65942.5,66487.91,69933.27,73684.92,76489.24,,,,,
710,Uttar Pradesh,Jowar,31574.15,35255.5,38654.26,40265.88,42220.51,47901.84,50055.26,55844.96,57302.35,59486.15,,,,,
711,Uttar Pradesh,Jute,40265.88,42220.51,43001.94,47901.84,50055.26,55844.96,60235.83,63579.68,66487.91,69870.25,,,,,
712,Uttar Pradesh,Linseed,30268.99,32480.25,33560.75,35255.5,38654.26,40265.88,42220.51,43001.94,44685.73,46785.48,,,,,
713,Uttar Pradesh,Maize,21141.46,26461.18,28246.31,33433.01,37548.98,41876.43,44685.73,47425.91,50055.26,55844.96,,,,,
714,Uttar Pradesh,Masoor,11950,12768.21,13437,13892.64,13999.32,14630.25,15239.29,15824,16325.12,18754.26,,,,,
715,Uttar Pradesh,Moong(Green Gram),12768.21,13892.64,14630.25,16325.12,18754.26,20201.19,21358.41,22570.65,24681.24,25491.87,,,,,
716,Uttar Pradesh,Onion,55005.08,93640.53,70454.2,89026.32,125716.2,133458.02,140454.32,167046.99,170365.02,172564.32,,,,,
717,Uttar Pradesh,Paddy,32954.25,35698.26,38654.26,42220.51,50055.26,55844.96,59486.15,61381.63,60235.83,63579.68,,,,,
718,Uttar Pradesh,Peas and Beans,23590.4,30559.5,32480.25,33560.75,34463.8,35255.5,37548.98,38246.57,39521.45,40265.88,,,,,
719,Uttar Pradesh,Potato,64684.14,64763.47,66487.91,69933.27,73684.92,76489.24,83580.42,87333.59,89026.32,94267.83,,,,,
720,Uttar Pradesh,Rapeseed &Mustard,26766.64,31252.96,35255.5,38654.26,40265.88,42220.51,43001.94,46141.46,47425.91,48627.38,,,,,
721,Uttar Pradesh,Sesamum,12768.21,13892.64,14630.25,16325.12,18754.26,20201.19,21358.41,22570.65,24681.24,25491.87,,,,,
722,Uttar Pradesh,Soyabean,26111.52,30746.91,33433.01,35200.69,39521.45,40265.88,42220.51,44677.9,48382.47,52200.7,,,,,
723,Uttar Pradesh,Sugarcane,66799.17,78549.41,83580.42,87333.59,94267.83,99387.28,110573.95,125636.96,133458.02,140454.32,,,,,
724,Uttar Pradesh,Sunflower,22025.93,24681.24,25491.87,27426.91,29753.48,30268.99,34463.8,35873.82,37548.98,38542.33,,,,,
725,Uttar Pradesh,Sweet potato,18754.26,20201.19,21358.41,22570.65,24681.24,30268.99,34463.8,35873.82,37548.98,38542.33,,,,,
726,Uttar Pradesh,Turmeric,26766.64,31252.96,35255.5,38654.26,40265.88,42220.51,43001.94,43897.67,44685.73,46785.48,,,,,
727,Uttar Pradesh,Urad,14460.56,15945.79,16325.12,17002.97,17998.01,18754.26,19524.74,20670.64,21141.46,24681.24,,,,,
728,Uttar Pradesh,Wheat,35984.44,42383.57,47901.84,50055.26,55844.96,60235.83,63579.68,69870.25,66487.91,67580.24,,,,,
729,Uttar Pradesh,Banana,33560.75,35255.5,38654.26,40265.88,42220.51,43001.94,44685.73,46785.48,50055.26,55844.96,,,,,
730,Uttar Pradesh,Tobacco,55844.96,57302.35,60235.83,66487.91,73684.92,83580.42,87333.59,89026.32,94267.83,98573.24,,,,,
731,Uttar Pradesh,Millets,9001.25,10256.58,11329.45,11876.36,12356.38,12999.09,13090,13509.26,1379.86,14111.11,,,,,
732,Uttar Pradesh,Ragi,40265.88,42220.51,43001.94,47901.84,50055.26,52200.7,55844.96,59486.15,61381.63,60235.83,,,,,
733,Uttarakhand,Arhar/Tur,24681.24,30354.34,28246.31,31548.24,33433.01,35200.69,39521.45,43301.87,42563.4,43001.94,,,,,
734,Uttarakhand,Barley,31574.15,35255.5,38654.26,40265.88,42220.51,47901.84,50055.26,55844.96,57302.35,59486.15,,,,,
735,Uttarakhand,Cowpea(Lobia),22025.93,24681.24,25491.87,27426.91,29753.48,30268.99,34463.8,35873.82,37548.98,38542.33,,,,,
736,Uttarakhand,Dry chillies,32480.25,33560.75,35255.5,38654.26,40265.88,42220.51,43001.94,47901.84,50055.26,55844.96,,,,,
737,Uttarakhand,Garlic,17623.35,18620.94,20201.19,21358.41,22570.65,24681.24,25491.87,27426.91,29753.48,30268.99,,,,,
738,Uttarakhand,Ginger,90258.48,111289.24,125732.94,145820.39,179522.01,199873.53,238734.82,267553,289302.73,312358.73,,,,,
739,Uttarakhand,Gram,26111.52,30746.91,33433.01,35200.69,39521.45,40265.88,42220.51,44677.9,48382.47,52200.7,,,,,
740,Uttarakhand,Groundnut,52483.01,56230.26,58649.34,60235.83,63579.68,65942.5,66487.91,69933.27,73684.92,76489.24,,,,,
741,Uttarakhand,Horse-gram,11547.45,12768.21,13437,13892.64,13999.32,14630.25,15239.29,16524,17452.58,18476.25,,,,,
742,Uttarakhand,Maize,21141.46,26461.18,28246.31,33433.01,37548.98,41876.43,44685.73,47425.91,50055.26,55844.96,,,,,
743,Uttarakhand,Masoor,11950,12768.21,13437,13892.64,13999.32,14630.25,15239.29,15824,16325.12,18754.26,,,,,
744,Uttarakhand,Millets,9001.25,10256.58,11329.45,11876.36,12356.38,12999.09,13090,13509.26,1379.86,14111.11,,,,,
745,Uttarakhand,Onion,55005.08,93640.53,70454.2,89026.32,125716.2,133458.02,140454.32,167046.99,170365.02,172564.32,,,,,
746,Uttarakhand,Paddy,37589.38,39556.2,37548.98,41876.43,44685.73,47425.91,50055.26,56616.5,58649.34,60235.83,,,,,
747,Uttarakhand,Peas and Beans,23590.4,30559.5,32480.25,33560.75,34463.8,35255.5,37548.98,38246.57,39521.45,40265.88,,,,,
748,Uttarakhand,Potato,64684.14,64763.47,66487.91,69933.27,73684.92,76489.24,83580.42,87333.59,89026.32,94267.83,,,,,
749,Uttarakhand,Ragi,34589.32,45008.77,38246.57,39521.45,40265.88,41876.43,44685.73,47650.09,56616.5,58649.34,,,,,
750,Uttarakhand,Rapeseed &Mustard,26766.64,31252.96,35255.5,38654.26,40265.88,42220.51,43001.94,46141.46,47425.91,48627.38,,,,,
751,Uttarakhand,Sesamum,12768.21,13892.64,14630.25,16325.12,18754.26,20201.19,21358.41,22570.65,24681.24,25491.87,,,,,
752,Uttarakhand,Soyabean,26111.52,30746.91,33433.01,35200.69,39521.45,40265.88,42220.51,44677.9,48382.47,52200.7,,,,,
753,Uttarakhand,Sunflower,22025.93,24681.24,25491.87,27426.91,29753.48,30268.99,34463.8,35873.82,37548.98,38542.33,,,,,
754,Uttarakhand,Turmeric,26766.64,31252.96,35255.5,38654.26,40265.88,42220.51,43001.94,43897.67,44685.73,46785.48,,,,,
755,Uttarakhand,Urad,14460.56,15945.79,16325.12,17002.97,17998.01,18754.26,19524.74,20670.64,21141.46,24681.24,,,,,
756,Uttarakhand,Wheat,33239.78,34059.7,39521.45,40265.88,42220.51,48382.47,52200.7,57658.87,58649.34,60235.83,,,,,
757,Uttarakhand,Bajra,19894.72,21266.84,22456.36,25491.87,27426.91,29753.48,30268.99,34463.8,38542.33,42002.34,,,,,
758,Uttarakhand,Tobacco,55844.96,57302.35,60235.83,66487.91,73684.92,83580.42,87333.59,89026.32,94267.83,98573.24,,,,,
759,Uttarakhand,Sugarcane,85966.23,67191.63,69933.27,73684.92,76489.24,83580.42,94267.83,113338.76,110573.95,125636.96,,,,,
760,Uttarakhand,Linseed,30268.99,32480.25,33560.75,35255.5,38654.26,40265.88,42220.51,43001.94,44685.73,46785.48,,,,,
761,Uttarakhand,Moong(Green Gram),12768.21,13892.64,14630.25,16325.12,18754.26,20201.19,21358.41,22570.65,24681.24,25491.87,,,,,
762,Uttarakhand,Jowar,31574.15,35255.5,38654.26,40265.88,42220.51,47901.84,50055.26,55844.96,57302.35,59486.15,,,,,
763,West Bengal,Arhar/Tur,22587.12,25497.33,27951.59,29478.11,32110.54,33489.98,35470,36102.25,37589.19,38597.86,,,,,
764,West Bengal,Coconut,62859.52,67245.02,75294.82,82493.24,87591.26,91002.57,96352.49,102301.01,105355.55,115830.48,,,,,
765,West Bengal,Cotton(lint),45203.29,47232.78,55024.18,59001.73,63360.86,66472.84,69969.96,72245.8,77477.77,84752.34,,,,,
766,West Bengal,Dry chillies,32480.25,33560.75,35255.5,38654.26,40265.88,42220.51,43001.94,47901.84,50055.26,55844.96,,,,,
767,West Bengal,Garlic,19087.25,16824.21,18795.33,20149.01,22473.66,23487.75,25379.58,27776.86,29001.28,30250.99,,,,,
768,West Bengal,Ginger,90054.23,112345.68,165890.83,176259.3,196357.34,222002,250486.63,288970.96,314258.37,322458.02,,,,,
769,West Bengal,Gram,25497.63,28249.95,31250,33498.56,36459.55,38213.48,40690.98,44638.7,48795.43,52348.02,,,,,
770,West Bengal,Groundnut,32874.84,38824.33,40058.66,42067.59,45348.42,50193.53,55836.65,58472.54,64844.41,65387.32,,,,,
771,West Bengal,Jute,41265.39,47558.94,53347.39,57756.91,60047,62740.33,64211.48,69789.99,72323.23,78646.63,,,,,
772,West Bengal,Linseed,29650.52,32874.84,33498.56,34781.11,36459.55,38213.48,40690.98,43048.19,44638.7,45209.46,,,,,
773,West Bengal,Maize,42896.58,48795.43,47558.94,53347.39,57756.91,60047,62740.33,64211.48,69789.99,72489.78,,,,,
774,West Bengal,Masoor,12034.35,12768.21,13437,13892.64,13999.32,14630.25,15239.29,15824,16325.12,18754.26,,,,,
775,West Bengal,Moong(Green Gram),11489.37,13425.88,16478.12,18475.42,20498.75,22471.71,23300.2,24351.74,25479.8,27405.18,,,,,
776,West Bengal,Paddy,43019.85,49142.99,50193.53,55836.65,58472.54,64844.41,65387.32,78057.17,77477.77,84752.34,,,,,
777,West Bengal,Peas and Beans,22950.21,23648.36,25874.63,27896.03,29634.28,30005.74,32698.02,33566.66,35698.21,38476.78,,,,,
778,West Bengal,Potato,96665.14,108621.3,124632.02,132045.14,144002.49,154978.98,166442.19,175276.95,178524.58,182045.87,,,,,
779,West Bengal,Rapeseed &Mustard,30432.66,30890.25,31250,33498.56,36459.55,38213.48,40690.98,46141.46,44638.7,48795.43,,,,,
780,West Bengal,Safflower,25963.35,26478.99,27516.9,28473.9,29003.51,30249.26,31648.54,32406.66,33498.24,34217.91,,,,,
781,West Bengal,Sesamum,23280.94,28107.52,32874.84,38824.33,40058.66,42067.59,45348.42,54750.89,50193.53,55836.65,,,,,
782,West Bengal,Sugarcane,127319,124498.9,129099.45,145987.3,163527.8,177890.02,184356.14,203849.25,196998.77,210332.33,,,,,
783,West Bengal,Sunflower,25963.35,26478.99,27516.9,28473.9,29003.51,30249.26,31648.54,33498.56,36459.55,38213.48,,,,,
784,West Bengal,Turmeric,25963.35,27516.9,30249.26,33498.24,34217.91,36578.97,38824.33,40058.66,42067.59,45348.42,,,,,
785,West Bengal,Urad,19087.25,16824.21,18795.33,20149.01,22473.66,23487.75,25379.58,27776.86,314258.37,322458.02,,,,,
786,West Bengal,Wheat,37166.91,40578.49,38824.33,40058.66,42067.59,45348.42,46875.02,47779.89,50193.53,54750.89,,,,,
787,West Bengal,Barley,25963.35,28107.52,32874.84,38824.33,42067.59,45348.42,54750.89,50193.53,55836.65,59748.37,,,,,
788,West Bengal,Bajra,22587.12,25497.33,27951.59,29478.11,32110.54,33489.98,35470,38824.33,40058.66,42067.59,,,,,
789,West Bengal,Cowpea(Lobia),22587.12,25497.33,27951.59,29478.11,32110.54,33489.98,35470,37425.08,38417.56,40215.87,,,,,
790,West Bengal,Horse-gram,11547.45,12768.21,13437,13892.64,13999.32,14630.25,15239.29,15824,16325.12,18754.26,,,,,
791,West Bengal,Jowar,32110.54,33489.98,35470,38824.33,40058.66,42067.59,45348.42,47779.89,50193.53,54750.89,,,,,
792,West Bengal,Millets,9001.25,10256.58,11329.45,11876.36,12356.38,12999.09,13090,13509.26,1379.86,14111.11,,,,,
793,West Bengal,Niger seed,11685.97,12480,13902.02,15023.74,16742.05,20201.19,21358.41,22570.65,27951.59,29478.11,,,,,
794,West Bengal,Ragi,40058.66,42067.59,45348.42,46875.02,47779.89,50193.53,54750.89,55836.65,57420.25,59748.37,,,,,
795,West Bengal,Soyabean,25963.35,28107.52,32874.84,38824.33,42067.59,45348.42,54750.89,50193.53,53483.47,54750.89,,,,,
796,West Bengal,Tobacco,50193.53,55836.65,59748.37,65387.32,78057.17,77477.77,84752.34,87591.26,91002.57,96352.49,,,,,
797,West Bengal,Castor seed,24024.77,25497.33,27951.59,29478.11,32110.54,33489.98,36480.58,38824.33,40058.66,41780.03,,,,,
