,State_Name,Crop_Year,JAN,FEB,MAR,APR,MAY,JUN,JUL,AUG,SEP,OCT,NOV,DEC,Whole Year,Summer,Kharif,Rabi
0,Andhra Pradesh,1997,15.8,3.5,18.3,48.1,30.7,68.4,98.4,104.4,261.45,93.7,98.5,62.25,903.5,97.1,532.65,273.75
1,Andhra Pradesh,1998,6.4,19.4,14.5,35.8,31.3,94.5,170.3,208.45,228.75,162.6,134.95,22.35,1129.3,81.6,702,345.7
2,Andhra Pradesh,1999,0.45,3.9,0.35,11.05,71.55,92,102.4,117,100.4,127.05,49.05,6,681.2,82.95,411.8,186.45
3,Andhra Pradesh,2000,0.05,38.35,0.45,20.6,71.1,146.6,124.4,276.5,102.9,102.15,24.15,24.55,931.8,92.15,650.4,189.25
4,Andhra Pradesh,2001,6.15,1.9,13.25,61.15,37.65,70.6,96.55,133.25,191.35,274.25,59.85,21.1,967.05,112.05,491.75,363.25
5,Andhra Pradesh,2002,26.8,1.6,7.5,26.15,45,103,58.8,121.65,74.95,158.1,29.25,6.45,659.25,78.65,358.4,222.2
6,Andhra Pradesh,2003,3.1,10.35,33.4,17.2,8.15,80.7,212.55,137.35,127.55,213.9,11.6,55.35,911.2,58.75,558.15,294.3
7,Andhra Pradesh,2004,17.1,7.85,12.25,37.6,103.65,96.3,157.5,74.05,127.7,136.15,37.5,0.1,807.75,153.5,455.55,198.7
8,Andhra Pradesh,2005,7.45,10.8,16.05,35.35,48.4,69.65,142.35,106.25,262.85,301.4,100.5,42.95,1144,99.8,581.1,463.1
9,Andhra Pradesh,2006,0.1,0,31.75,33.85,65.15,108.9,85,175.85,184.4,136.9,66.95,10,898.85,130.75,554.15,213.95
10,Andhra Pradesh,2007,0,2.8,0.1,7.25,14.05,254.15,112.4,175.65,236.55,172.3,23.6,41.15,1040,21.4,778.75,239.85
11,Andhra Pradesh,2008,4.8,40.15,78.35,11.3,38.5,75.75,144.95,190.55,144.25,88.8,131.75,3.55,952.7,128.15,555.5,269.05
12,Andhra Pradesh,2009,0.25,0,5.5,7.4,50.2,70.75,87.05,146,153.85,80.95,119.1,18.35,739.4,63.1,457.65,218.65
13,Andhra Pradesh,2010,13.25,1.55,2.5,13.9,113.7,132.2,253.25,201.8,176.7,143.7,193,92.45,1338,130.1,763.95,443.95
14,Andhra Pradesh,2011,0.4,15,0.45,48.45,50.45,65.65,162.45,189.7,100.45,91.05,55.9,20.05,800,99.35,518.25,182.4
15,Andhra Pradesh,2012,20.15,0,2.6,28.35,39.05,71.2,180.8,170.6,158,126.85,188.15,30.95,1016.7,70,580.6,366.1
16,Andhra Pradesh,2013,1.65,30.1,5.85,37.4,33.55,100.65,129.05,116.7,147.6,290.4,45.85,2.7,941.5,76.8,494,370.7
17,Andhra Pradesh,2014,0.3,0.95,10.8,5.55,79.8,56,110.25,146.45,112.95,150.1,30.75,9.6,713.5,96.15,425.65,191.7
18,Andhra Pradesh,2015,1.95,0.3,9.45,52.85,36.9,178.4,79.55,157.8,169.05,83.2,232.5,27.1,1029.05,99.2,584.8,345.05
19,Andhra Pradesh,2016,4.75,0.45,2.2,1.7,100.65,158.85,131.25,82.95,157.6,36.9,9.25,45.65,732.2,104.55,530.65,97
20,Andhra Pradesh,2017,2.45,0,12.6,8.8,35.35,119.25,102.7,197.9,168.2,172.05,40,4.3,863.6,56.75,588.05,218.8
21,Arunachal Pradesh,1997,26.2,68.5,158.5,94.7,212.6,548,395.2,237,403.5,58.5,45.9,26.3,2274.9,465.8,1583.7,225.4
22,Arunachal Pradesh,1998,26.7,78.8,193.6,125,275,839.8,823.8,807,236.8,187.2,20.5,2.5,3616.7,593.6,2707.4,315.7
23,Arunachal Pradesh,1999,7.9,6.1,40.4,159.6,343.2,450,376.9,438.1,254,207.9,28.3,4.3,2316.7,543.2,1519,254.5
24,Arunachal Pradesh,2000,54.1,47.1,139.9,293.8,267.2,459.8,395.4,387.4,407.4,81.3,53.9,9.6,2596.9,700.9,1650,246
25,Arunachal Pradesh,2001,53.1,66.6,134.9,229.9,195.6,277.2,302.6,279.9,288.1,173.8,19.3,14.9,2035.9,560.4,1147.8,327.7
26,Arunachal Pradesh,2002,74.2,37.2,126.3,248.2,197.1,396.8,604,290.7,257.9,94,45,17.9,2389.3,571.6,1549.4,268.3
27,Arunachal Pradesh,2003,22.9,83.2,109.6,182,173.5,424.3,645.3,327.2,259.9,182.6,25,16.2,2451.7,465.1,1656.7,329.9
28,Arunachal Pradesh,2004,38,39.1,175.5,210.2,298.7,402.9,654.3,243,278.5,184.8,5.6,15.2,2545.8,684.4,1578.7,282.7
29,Arunachal Pradesh,2005,48.4,167.6,229.5,195.3,179.8,269.3,430.8,400,243.6,139.3,28.6,3.3,2335.5,604.6,1343.7,387.2
30,Arunachal Pradesh,2006,6,103.7,63.3,202.7,321.7,520.4,382.2,227.6,263.2,77.2,69.7,21.7,2259.4,587.7,1393.4,278.3
31,Arunachal Pradesh,2007,13.4,97.4,48.1,292.4,250.4,530.2,761,364.6,529.3,102.6,24.3,6.9,3020.6,590.9,2185.1,244.6
32,Arunachal Pradesh,2008,76.7,39.7,122.6,192.4,185,423.6,456.1,439.3,189.7,115.1,1.7,2.6,2244.5,500,1508.7,235.8
33,Arunachal Pradesh,2009,18,92.8,72.1,132.7,189.9,259.1,329.9,370.3,152.5,82.9,33.9,15.9,1750,394.7,1111.8,243.5
34,Arunachal Pradesh,2010,0.6,13.2,237.8,466.9,312.7,509.9,378,321.5,444.2,97.7,58.9,14.2,2855.6,1017.4,1653.6,184.6
35,Arunachal Pradesh,2011,40,51.3,174.5,240.8,219.6,288.4,531.4,277.6,286.7,51.9,16.2,15.2,2193.6,634.9,1384.1,174.6
36,Arunachal Pradesh,2012,57.8,35.8,134.2,403.4,187.4,645.8,638.9,316,724.9,248.1,22,26.2,3440.5,725,2325.6,389.9
37,Arunachal Pradesh,2013,18.5,40.5,115.1,175.1,335.8,290,329.6,230.2,316.1,164.1,13.3,14.6,2042.9,626,1165.9,251
38,Arunachal Pradesh,2014,19,101.9,80.3,86.7,299,415.8,392.4,599.6,343,35.1,20.1,10.2,2403.1,466,1750.8,186.3
39,Arunachal Pradesh,2015,30.8,47.5,97.5,287.1,238.9,637.9,329.3,595.5,374.2,65.2,33.8,29.8,2767.5,623.5,1936.9,207.1
40,Arunachal Pradesh,2016,29.4,73.2,128.4,333.1,278.9,379.4,620.1,145.7,532.9,172.7,8.4,4.6,2706.8,740.4,1678.1,288.3
41,Arunachal Pradesh,2017,8.2,86.2,221.8,348.2,257.1,370.8,437.8,456.4,318.6,227.1,9.9,3.4,2745.5,827.1,1583.6,334.8
42,Assam,1997,18.2,40.7,91.8,131.9,241.8,569.9,511.2,315.5,366.8,36.4,12.6,35.4,2372.2,465.5,1763.4,143.3
43,Assam,1998,11.8,31.5,136.8,185.7,250.6,581.2,604.4,549.5,212.3,190,48.9,0.4,2803.1,573.1,1947.4,282.6
44,Assam,1999,2.4,0.5,38.7,150.6,466.8,429,596.7,487.5,196.9,208.6,14.1,2.3,2594.1,656.1,1710.1,227.9
45,Assam,2000,20.5,13.7,65.9,238.5,375.1,540.2,313.3,513.2,299.9,83.9,22.2,0.4,2486.8,679.5,1666.6,140.7
46,Assam,2001,5.5,39.7,30.9,198.6,266.4,399.8,451.1,295.6,266.8,201.4,20.5,2.3,2178.6,495.9,1413.3,269.4
47,Assam,2002,20.2,5.7,83.3,279.9,286.9,502.5,565.1,312.5,209.7,49.5,69.4,7.9,2392.6,650.1,1589.8,152.7
48,Assam,2003,9.5,41.5,96.9,213.8,235.8,551.4,481.2,290.7,250,231.8,13,18.6,2434.2,546.5,1573.3,314.4
49,Assam,2004,15.3,19.5,72.8,340.8,342.2,397.9,848.4,286.2,317.2,340.8,6.5,6.6,2994.2,755.8,1849.7,388.7
50,Assam,2005,22.8,30.5,172.2,207.5,281.2,373.9,474.5,501.9,174.9,218.6,8.9,1.3,2468.2,660.9,1525.2,282.1
51,Assam,2006,0.7,40.9,20.8,169,325.7,395.9,350.3,209.7,252.3,97.6,25.1,10.7,1898.7,515.5,1208.2,175
52,Assam,2007,1.5,73.7,23.5,242.7,219.8,489.7,682.7,308,494.7,164.7,47.7,4,2752.7,486,1975.1,291.6
53,Assam,2008,29.7,14.5,107.5,156.2,210.6,414.6,493.2,508.6,267.5,133.4,2.2,1.6,2339.6,474.3,1683.9,181.4
54,Assam,2009,7.9,11.6,44.9,134.9,246.5,321.1,426.3,533.8,192.3,135.9,9,4,2068.2,426.3,1473.5,168.4
55,Assam,2010,0.5,3.1,99.6,389.3,393.4,569.7,415.1,387,318.3,116.2,11.6,7.6,2711.4,882.3,1690.1,139
56,Assam,2011,11.1,11.4,109,92.1,238.3,316,395.8,302.6,221.6,30.2,11.9,3.5,1743.5,439.4,1236,68.1
57,Assam,2012,15.2,6.9,28.8,279.1,185.8,729.7,444.3,289.2,411.6,199.4,17.1,2.3,2609.4,493.7,1874.8,240.9
58,Assam,2013,1.1,9.6,44,112.8,346.7,286.2,367.8,289.7,229.3,126.3,1,2,1816.5,503.5,1173,140
59,Assam,2014,2,28.3,29.3,51.5,351.1,426.4,374.4,484.6,420.2,35,3,0.4,2206.2,431.9,1705.6,68.7
60,Assam,2015,13.4,15.5,37.5,250.9,332.5,558.5,300.1,590.9,279.9,62.6,14,15.2,2471,620.9,1729.4,120.7
61,Assam,2016,18.9,15.9,64.1,327.8,334,369,498.4,185.3,271.2,136.5,38.2,7.4,2266.7,725.9,1323.9,216.9
62,Assam,2017,1.7,37.8,116.7,310.9,268.4,485.2,429,483.1,345.4,212.1,10.3,11,2711.6,696,1742.7,272.9
63,Bihar,1997,10.5,1.1,2.9,29.3,42.2,211,463.9,287.6,185.8,27.8,11,30.6,1303.7,74.4,1148.3,81
64,Bihar,1998,8.4,11.2,23.6,26.6,38.2,96.6,465.1,377.4,188,83,14.5,0,1332.6,88.4,1127.1,117.1
65,Bihar,1999,0.1,0.2,0.4,3.8,83.6,265.1,380.8,347.5,199.6,114.1,6.9,0.6,1402.7,87.8,1193,121.9
66,Bihar,2000,0.5,12.1,3.6,37.2,96.2,267.2,264.3,201.4,314.8,9.6,0,0.1,1207,137,1047.7,22.3
67,Bihar,2001,1,0.5,3,12.6,98.4,224.4,224.7,225.9,274.8,181.3,0.5,0,1247.1,114,949.8,183.3
68,Bihar,2002,13.4,11.3,2.2,25,74.8,116.6,386.1,247.7,192.8,33.8,1.4,0.7,1105.8,102,943.2,60.6
69,Bihar,2003,13.2,39.7,10.2,21.9,41.4,230.9,356.8,310.6,183.9,142,0.2,3,1353.8,73.5,1082.2,198.1
70,Bihar,2004,22.7,2.1,2.2,32,72.7,246.8,418.4,175.9,115.3,56.4,3.1,0,1147.6,106.9,956.4,84.3
71,Bihar,2005,13.9,14.3,12.1,7.7,28.6,82.5,300,309.1,105.1,34.3,0,0.2,907.8,48.4,796.7,62.7
72,Bihar,2006,0.1,0,1.9,19.2,73.2,200,290.7,160.4,285.2,17.6,2.9,1.6,1052.8,94.3,936.3,22.2
73,Bihar,2007,0.2,34.2,25.4,20.3,94.4,170.4,549.4,340.6,309,39.6,9.1,7.5,1600.1,140.1,1369.4,90.6
74,Bihar,2008,25.6,4.4,3.2,10.4,48.9,291.2,397.2,278.1,117.1,21.4,0.1,0,1197.6,62.5,1083.6,51.5
75,Bihar,2009,0.3,0.4,1.1,2.9,98.5,67.7,213.6,298.9,127.6,72.6,5.1,0.8,889.5,102.5,707.8,79.2
76,Bihar,2010,0.1,1.1,0.2,6.5,44.4,80.9,191.2,158.4,105.7,33.6,5,2.1,629.2,51.1,536.2,41.9
77,Bihar,2011,4.2,7.7,9.2,23.9,74.5,211,241.1,278.7,234.1,10,2,0.9,1097.3,107.6,964.9,24.8
78,Bihar,2012,18.1,2.7,7.3,20.4,18.8,96.2,354,240.4,233.8,34.3,6.4,0,1032.4,46.5,924.4,61.5
79,Bihar,2013,5.1,22.6,0.6,32.3,89.5,183.3,182,213.6,143.3,197.1,0.4,0,1069.8,122.4,722.2,225.2
80,Bihar,2014,17,33.5,8.4,0.7,103.9,115.2,265.4,307.6,160.3,47.8,0,1.2,1061,113,848.5,99.5
81,Bihar,2015,12.8,1.8,27.2,38.7,39.5,122.1,231.5,287,101.7,10.4,0,0,872.7,105.4,742.3,25
82,Bihar,2016,9.3,0.6,5.6,3.9,84,128.7,356.4,150.8,357.9,60.8,0,0,1158,93.5,993.8,70.7
83,Bihar,2017,0.7,0,22.8,21.8,79.7,84.6,379.9,342.8,129.6,50.1,0,0,1112,124.3,936.9,50.8
84,Chandigarh,1997,6.6,2.2,14.6,35.3,38,60.2,133.6,226.8,36.9,53.7,13.4,47.3,668.6,87.9,457.5,123.2
85,Chandigarh,1998,0.4,24.6,25.4,9.1,6.1,68.4,154.8,161.6,150.9,78.2,5.8,0,685.3,40.6,535.7,109
86,Chandigarh,1999,31.7,0.7,1.4,0,20.1,42.2,109.8,78.7,54.7,4.8,0,0.4,344.5,21.5,285.4,37.6
87,Chandigarh,2000,17.1,29.1,1.4,1.3,22.8,58.9,146.8,87.9,17.5,0,0.4,1.2,384.4,25.5,311.1,47.8
88,Chandigarh,2001,17.8,5.2,7.2,19.8,47.8,117.2,145.2,103.5,10.3,11.1,0.1,0.2,485.4,74.8,376.2,34.4
89,Chandigarh,2002,11.6,31.1,9,1.1,52,21.2,19.4,78.2,123,1.9,0,8.8,357.3,62.1,241.8,53.4
90,Chandigarh,2003,14.7,29.9,4,1.8,7.5,26.6,277.6,165.3,58.9,0,0.1,11,597.4,13.3,528.4,55.7
91,Chandigarh,2004,25.4,0.3,0,18.1,40.7,52.5,19.9,252.9,22.1,54.1,0,1.2,487.2,58.8,347.4,81
92,Chandigarh,2005,13.9,35.7,29.9,2.7,7.6,53.9,175.6,52.6,146.7,0,0.8,0,519.4,40.2,428.8,50.4
93,Chandigarh,2006,2.3,0.1,30.4,0.6,24.8,45.4,135.2,32.1,49.9,3.8,1.2,5.2,331,55.8,262.6,12.6
94,Chandigarh,2007,0.5,76,40.1,2,12.4,88.7,82,87.9,55.2,0.1,0.3,1.4,446.6,54.5,313.8,78.3
95,Chandigarh,2008,2.4,0.4,0.6,13.4,72.9,193.5,124.3,174.2,114.5,8.4,5.5,0.2,710.3,86.9,606.5,16.9
96,Chandigarh,2009,4.1,5.9,5.7,11.7,17.7,15.2,106.4,63.8,160.8,2.5,1.1,0.4,395.3,35.1,346.2,14
97,Chandigarh,2010,4.8,10.2,0.5,0.8,5.9,29.1,189.3,198.5,183.9,1.1,3.5,12.8,640.4,7.2,600.8,32.4
98,Chandigarh,2011,0.7,26.7,6.9,8.9,28.7,94.4,85,127.3,133.1,0,0,0.4,512.1,44.5,439.8,27.8
99,Chandigarh,2012,8.2,0.2,0.1,11.8,3.8,5.3,68.1,196.6,90.7,2.4,0.6,3.5,391.3,15.7,360.7,14.9
100,Chandigarh,2013,21.1,52.2,5.3,3.3,1.4,62.1,96.5,161.9,42.8,10.9,1.7,2.1,461.3,10,363.3,88
101,Chandigarh,2014,13,17.3,26.8,7.5,20.3,25.9,72.3,34.8,67.3,10.5,0.2,9.6,305.5,54.6,200.3,50.6
102,Chandigarh,2015,12.4,6.6,71.8,34.8,8.4,43.7,130.3,89.2,32.1,3.7,2.3,0.2,435.5,115,295.3,25.2
103,Chandigarh,2016,0,1.1,20.7,0.6,26.7,35.8,159.8,133,14.8,5.2,0,1,398.7,48,343.4,7.3
104,Chandigarh,2017,34.2,0.3,7.2,4.3,10.3,121.2,69.2,76.5,92.5,0,1.8,4.2,421.7,21.8,359.4,40.5
105,Chhattisgarh,1997,6.3,0.1,2.2,45.7,7.2,153.8,384.6,414.7,167.5,30.2,51.4,53.5,1317.2,55.1,1120.6,141.5
106,Chhattisgarh,1998,64.9,11.2,27.3,11.9,16.4,156.2,356,259.6,288.3,93.1,47.8,0,1332.7,55.6,1060.1,217
107,Chhattisgarh,1999,0,3.1,0.1,0,31.5,222.5,310,408.7,253.7,91.2,1.3,0.6,1322.7,31.6,1194.9,96.2
108,Chhattisgarh,2000,2.6,0,0.6,1.5,9.3,180.7,322.4,215.6,169.1,4.3,0.2,0.1,906.4,11.4,887.8,7.2
109,Chhattisgarh,2001,0.8,0.3,14.6,17.6,16.6,339.4,630.6,380.3,108.4,86.9,4.6,0,1600.1,48.8,1458.7,92.6
110,Chhattisgarh,2002,41.5,4.9,12.2,3.3,32.1,196.3,138.4,352.4,122.3,57.8,13.3,15.9,990.4,47.6,809.4,133.4
111,Chhattisgarh,2003,3.7,17.7,12.1,2.6,0.7,128.7,446.6,519.7,384.1,157.6,5.8,14.9,1694.2,15.4,1479.1,199.7
112,Chhattisgarh,2004,37.8,16.7,3.1,21.2,6.8,213.1,323.1,351.7,126.5,43.9,0.7,0.1,1144.7,31.1,1014.4,99.2
113,Chhattisgarh,2005,57.6,15.6,6.1,6.5,16.4,197,393.8,267.7,240.5,83.5,1.6,1,1287.3,29,1099,159.3
114,Chhattisgarh,2006,2.7,0,26.2,17.2,23.5,92.2,495.1,447.2,184.6,13.3,15.1,0.7,1317.8,66.9,1219.1,31.8
115,Chhattisgarh,2007,0,15.7,6.2,11.4,10.4,259.4,309.9,338.8,259.1,67.8,2,0.5,1281.2,28,1167.2,86
116,Chhattisgarh,2008,6.7,9.7,22.2,11.2,9.5,236.4,280.5,305.1,215.4,10.7,1.2,0,1108.6,42.9,1037.4,28.3
117,Chhattisgarh,2009,1.2,0,2.3,1.9,11.2,45.3,455,247.1,104.7,43.6,42.5,1.9,956.7,15.4,852.1,89.2
118,Chhattisgarh,2010,7.9,4.9,1,5.9,12.6,102.6,426.8,340.3,302.5,54.3,20.2,27.6,1306.6,19.5,1172.2,114.9
119,Chhattisgarh,2011,0.3,11.5,2.6,35,16.8,183.5,272.6,379.8,382.2,15.5,0,2.8,1302.6,54.4,1218.1,30.1
120,Chhattisgarh,2012,36.6,4.8,1.1,14.9,9.4,147.3,430.6,442.2,245.3,19.8,20.4,5,1377.4,25.4,1265.4,86.6
121,Chhattisgarh,2013,2.8,19.7,4.9,45.8,5.7,263.6,418.8,336.6,140.9,180.9,0.3,0,1420,56.4,1159.9,203.7
122,Chhattisgarh,2014,2.3,29,21.4,17.3,25,104.9,416.7,327.7,252.7,77.9,2.6,1.1,1278.6,63.7,1102,112.9
123,Chhattisgarh,2015,15.8,1.2,21.2,37,13,257.6,248.6,286.6,216.9,17.7,0.6,1.5,1117.7,71.2,1009.7,36.8
124,Chhattisgarh,2016,6.1,3.6,24.5,4.4,19.6,164.2,361,357.1,295.6,79.8,0,0,1315.9,48.5,1177.9,89.5
125,Chhattisgarh,2017,0.9,0.7,3.5,0.8,15.6,184.8,378.3,300.4,177.7,61.6,0.2,0,1124.5,19.9,1041.2,63.4
126,Goa,1997,2.6,0,0.8,1.8,0.2,757.9,1072.6,847.6,215.2,21.8,47.1,59.6,3027.2,2.8,2893.3,131.1
127,Goa,1998,0,0,0,0,9.7,671.3,909.1,758.3,561.8,280,44.3,0.1,3234.6,9.7,2900.5,324.4
128,Goa,1999,0,0,0,0,67.1,978.7,1105.1,283.7,297.1,179.7,0.7,0,2912.1,67.1,2664.6,180.4
129,Goa,2000,1.2,0,0,0.9,190.3,739.4,1200.4,789.5,111.9,91.8,1.6,6.2,3133.2,191.2,2841.2,100.8
130,Goa,2001,5.6,0,0,2.8,59.6,540.1,873.4,611.3,207.9,91.6,3.1,0,2395.4,62.4,2232.7,100.3
131,Goa,2002,0,0,0.1,2.8,9.4,942,452.8,834.5,217.1,75.3,3,0.3,2537.3,12.3,2446.4,78.6
132,Goa,2003,0.5,0.6,0.8,1.2,11.2,865.3,1013.9,593.7,298.7,54.4,1.9,0,2842.2,13.2,2771.6,57.4
133,Goa,2004,0,0,0,10.4,46.9,678.6,902.3,1011.5,293.3,32.9,10.2,0,2986.1,57.3,2885.7,43.1
134,Goa,2005,1.3,0.1,1.9,4,9.8,730.2,1340.9,772.2,678.8,76.5,0,0.1,3615.8,15.7,3522.1,78
135,Goa,2006,0,0,9.9,0,211.8,683.1,1066.2,886.4,399.9,202.4,22.5,0,3482.2,221.7,3035.6,224.9
136,Goa,2007,0,0,0.1,3.3,33.4,939.3,841.3,980.2,609,45.6,16,0.1,3468.3,36.8,3369.8,61.7
137,Goa,2008,0,0.1,31.5,0.3,11.1,798.5,766.6,833.1,551.2,57.3,0.9,2.4,3053,42.9,2949.4,60.7
138,Goa,2009,0,0,0.3,0.1,5.6,330.6,1271.2,292.9,387.5,307.4,121,0,2716.6,6,2282.2,428.4
139,Goa,2010,2.7,0,0,1.5,8.2,680.8,1405.3,850,531.3,190.2,106.7,1.4,3778.1,9.7,3467.4,301
140,Goa,2011,0,0,0,3.4,1.1,857,1384.1,987.9,468.3,120.3,3.1,0,3825.2,4.5,3697.3,123.4
141,Goa,2012,0,0,0,0.6,1.1,633,928.5,762.5,515.3,175.1,2.3,0,3018.4,1.7,2839.3,177.4
142,Goa,2013,1.8,5.4,0.1,0.1,18.5,1028.3,1478.5,497.6,340.7,149.3,2.1,1.5,3523.9,18.7,3345.1,160.1
143,Goa,2014,1.3,5.3,1.8,0.7,21.3,238.2,1293.2,658,419.5,98.7,8,11.7,2757.7,23.8,2608.9,125
144,Goa,2015,2.7,0,36.8,3.6,11.3,764,526.5,377.3,240.9,91.4,27.3,0,2081.8,51.7,1908.7,121.4
145,Goa,2016,0,0.1,2,0.3,2.1,806.5,1327.3,817,600.2,106.3,2,0.1,3663.9,4.4,3551,108.5
146,Goa,2017,0,0,0,0,47,840.4,1095.3,731.2,546.9,156.9,0.7,25,3443.4,47,3213.8,182.6
147,Gujarat,1997,0.75,0,0.4,1.8,3.3,272.55,189.65,226.85,133.4,5,0.45,0.45,834.6,5.5,822.45,6.65
148,Gujarat,1998,0,0.05,0,0,0,110.3,230.9,145.25,204.5,124.4,3,0,818.4,0,690.95,127.45
149,Gujarat,1999,0.65,6.25,0,0,69.65,109.3,130.85,36.25,40.55,81.2,0,0,474.7,69.65,316.95,88.1
150,Gujarat,2000,0,0.05,0,0,19.5,34.15,262.9,89.6,9,1.2,0,1.85,418.25,19.5,395.65,3.1
151,Gujarat,2001,3.05,0,0,0.2,1.5,194.9,255.55,186.85,19.2,18.25,0.1,0,679.6,1.7,656.5,21.4
152,Gujarat,2002,2.05,0,0.05,0,0,200.3,26.9,178,64.4,0.4,0.15,0.35,472.6,0.05,469.6,2.95
153,Gujarat,2003,0,3.25,0.05,0,0,138.75,460.45,252.65,65.6,2.45,0,0,923.2,0.05,917.45,5.7
154,Gujarat,2004,0.1,0,0,0,9,115.25,164.1,390.7,43.95,20.95,0,0,744.05,9,714,21.05
155,Gujarat,2005,0,0,0,0.1,0.25,284.25,252.7,148.9,286.15,1.55,0,0,973.9,0.35,972,1.55
156,Gujarat,2006,0,0,1.35,0,0.1,94.85,474.7,407.3,104.4,5.3,1.6,0.3,1089.9,1.45,1081.25,7.2
157,Gujarat,2007,0.05,1.15,0.05,0,0.25,104.05,388.5,375.5,163.2,0.85,1.3,0,1034.9,0.3,1031.25,3.35
158,Gujarat,2008,0.05,0.05,0.05,1.8,0.05,77.1,206.1,242.3,217.95,8.7,0.35,5,759.5,1.9,743.45,14.15
159,Gujarat,2009,0,0,0.15,0,0,42.55,399.7,124.75,31.85,15.35,4.8,0,619.15,0.15,598.85,20.15
160,Gujarat,2010,0.15,0,0,0,0.05,65.2,361,411.15,202.1,11.9,52.65,0.1,1104.3,0.05,1039.45,64.8
161,Gujarat,2011,0,0.8,0,0,0,21.15,235.95,371.3,186.3,0.8,0.05,0,816.35,0,814.7,1.65
162,Gujarat,2012,0.05,0,0,0.1,0.05,28.4,106.45,132.4,246.15,4.75,0,0.5,518.85,0.15,513.4,5.3
163,Gujarat,2013,0.85,0.55,0.1,6.55,0.05,141.7,288.3,147.2,273.75,40.9,0.05,0,900,6.7,850.95,42.35
164,Gujarat,2014,3,0.05,0.15,0.75,1.7,14.45,222.6,128.7,167.15,4.25,2,0,544.8,2.6,532.9,9.3
165,Gujarat,2015,1.35,0,5.25,3.8,0.85,116.65,290.7,24,86.65,2.75,0.3,0,532.3,9.9,518,4.4
166,Gujarat,2016,0,0,0.45,0,0.75,31.55,182.9,259.95,82.45,65.8,0,0,623.85,1.2,556.85,65.8
167,Gujarat,2017,0.05,0,0,0,0.15,109.75,490.85,166.6,54.5,10.15,0,6.15,838.2,0.15,821.7,16.35
168,Haryana,1997,6.6,2.2,14.6,35.3,38,60.2,133.6,226.8,36.9,53.7,13.4,47.3,668.6,87.9,457.5,123.2
169,Haryana,1998,0.4,24.6,25.4,9.1,6.1,68.4,154.8,161.6,150.9,78.2,5.8,0,685.3,40.6,535.7,109
170,Haryana,1999,31.7,0.7,1.4,0,20.1,42.2,109.8,78.7,54.7,4.8,0,0.4,344.5,21.5,285.4,37.6
171,Haryana,2000,17.1,29.1,1.4,1.3,22.8,58.9,146.8,87.9,17.5,0,0.4,1.2,384.4,25.5,311.1,47.8
172,Haryana,2001,17.8,5.2,7.2,19.8,47.8,117.2,145.2,103.5,10.3,11.1,0.1,0.2,485.4,74.8,376.2,34.4
173,Haryana,2002,11.6,31.1,9,1.1,52,21.2,19.4,78.2,123,1.9,0,8.8,357.3,62.1,241.8,53.4
174,Haryana,2003,14.7,29.9,4,1.8,7.5,26.6,277.6,165.3,58.9,0,0.1,11,597.4,13.3,528.4,55.7
175,Haryana,2004,25.4,0.3,0,18.1,40.7,52.5,19.9,252.9,22.1,54.1,0,1.2,487.2,58.8,347.4,81
176,Haryana,2005,13.9,35.7,29.9,2.7,7.6,53.9,175.6,52.6,146.7,0,0.8,0,519.4,40.2,428.8,50.4
177,Haryana,2006,2.3,0.1,30.4,0.6,24.8,45.4,135.2,32.1,49.9,3.8,1.2,5.2,331,55.8,262.6,12.6
178,Haryana,2007,0.5,76,40.1,2,12.4,88.7,82,87.9,55.2,0.1,0.3,1.4,446.6,54.5,313.8,78.3
179,Haryana,2008,2.4,0.4,0.6,13.4,72.9,193.5,124.3,174.2,114.5,8.4,5.5,0.2,710.3,86.9,606.5,16.9
180,Haryana,2009,4.1,5.9,5.7,11.7,17.7,15.2,106.4,63.8,160.8,2.5,1.1,0.4,395.3,35.1,346.2,14
181,Haryana,2010,4.8,10.2,0.5,0.8,5.9,29.1,189.3,198.5,183.9,1.1,3.5,12.8,640.4,7.2,600.8,32.4
182,Haryana,2011,0.7,26.7,6.9,8.9,28.7,94.4,85,127.3,133.1,0,0,0.4,512.1,44.5,439.8,27.8
183,Haryana,2012,8.2,0.2,0.1,11.8,3.8,5.3,68.1,196.6,90.7,2.4,0.6,3.5,391.3,15.7,360.7,14.9
184,Haryana,2013,21.1,52.2,5.3,3.3,1.4,62.1,96.5,161.9,42.8,10.9,1.7,2.1,461.3,10,363.3,88
185,Haryana,2014,13,17.3,26.8,7.5,20.3,25.9,72.3,34.8,67.3,10.5,0.2,9.6,305.5,54.6,200.3,50.6
186,Haryana,2015,12.4,6.6,71.8,34.8,8.4,43.7,130.3,89.2,32.1,3.7,2.3,0.2,435.5,115,295.3,25.2
187,Haryana,2016,0,1.1,20.7,0.6,26.7,35.8,159.8,133,14.8,5.2,0,1,398.7,48,343.4,7.3
188,Haryana,2017,34.2,0.3,7.2,4.3,10.3,121.2,69.2,76.5,92.5,0,1.8,4.2,421.7,21.8,359.4,40.5
189,Himachal Pradesh,1997,50.9,58.5,60.4,97.4,66.1,92.3,198.7,476.1,113.8,44.4,87.4,108.5,1454.5,223.9,880.9,349.7
190,Himachal Pradesh,1998,13.5,133.8,139.4,71.5,41.3,152.3,210.7,239.8,251.5,119.4,5.9,2.4,1381.5,252.2,854.3,275
191,Himachal Pradesh,1999,109.2,54.3,33.4,7.1,98.3,104.7,304.1,284.6,111.4,6.4,28.9,2.5,1144.9,138.8,804.8,201.3
192,Himachal Pradesh,2000,118.2,119,68.1,25.6,79.9,198,265.1,126.7,50.1,0,10.5,6.9,1068.1,173.6,639.9,254.6
193,Himachal Pradesh,2001,30.5,35.7,105.8,66.9,67.3,153.8,239.5,202.3,26.9,5,20.8,37.3,991.8,240,622.5,129.3
194,Himachal Pradesh,2002,66.7,136.5,136.9,124,27,56.1,81.8,225.6,123.1,8.2,0.7,3.9,990.5,287.9,486.6,216
195,Himachal Pradesh,2003,39.5,116.6,113,52.9,35.9,61.4,187.7,228.7,135.5,0.3,22.5,40.4,1034.4,201.8,613.3,219.3
196,Himachal Pradesh,2004,86.2,43,5.9,54.7,57.6,76.1,141.3,202.5,47.6,104.7,9.3,49.4,878.3,118.2,467.5,292.6
197,Himachal Pradesh,2005,147.8,222.9,143.3,35.2,52.4,52.6,317.2,114.2,156.3,1.8,0.3,4.5,1248.5,230.9,640.3,377.3
198,Himachal Pradesh,2006,102.5,38.2,137.3,44.3,68.4,104.8,260.3,274.2,92.8,17.5,26.9,51.2,1218.4,250,732.1,236.3
199,Himachal Pradesh,2007,1.3,121,177,9.6,39.3,155.7,155.2,234.3,85.7,18.7,1,35.6,1034.4,225.9,630.9,177.6
200,Himachal Pradesh,2008,129.9,63.2,6.3,44.4,42.9,187.3,194.9,224.7,142.6,33.9,5.3,38.9,1114.3,93.6,749.5,271.2
201,Himachal Pradesh,2009,54.8,45.9,43.4,91.2,53.5,45.5,170.2,162.6,172.1,16.4,93.1,7.8,956.5,188.1,550.4,218
202,Himachal Pradesh,2010,25.5,96.6,45.1,60.3,81.4,108.5,291.8,274.1,176.7,30.5,10.8,58.1,1259.4,186.8,851.1,221.5
203,Himachal Pradesh,2011,43.9,97.4,49.7,62.4,45.1,118.3,177.7,380.2,120.3,6,0.3,6.9,1108.2,157.2,796.5,154.5
204,Himachal Pradesh,2012,92.3,51.3,28.4,55.9,9.4,31.1,241.5,280.6,133.1,3.1,3.2,21.8,951.7,93.7,686.3,171.7
205,Himachal Pradesh,2013,79.9,182.6,76.6,28.9,32.6,233.6,208.8,240,65.8,21.8,16.6,24.8,1212,138.1,748.2,325.7
206,Himachal Pradesh,2014,69.6,124.9,125.2,60.6,68.9,51.7,203.6,146.7,84.6,19.3,4.5,49.3,1008.9,254.7,486.6,267.6
207,Himachal Pradesh,2015,67.2,156.6,192.5,84.9,45,85.8,249.9,195.9,75.5,17.7,14.5,25,1210.5,322.4,607.1,281
208,Himachal Pradesh,2016,18.7,38.4,114.4,47.5,70.2,101.3,194,272.7,56.8,5.3,0,2.2,921.5,232.1,624.8,64.6
209,Himachal Pradesh,2017,157.6,46.3,57.4,88,62,123.1,216.1,273.1,103.4,0.3,6.9,48,1182.2,207.4,715.7,259.1
210,Jammu and Kashmir,1997,68.4,55.6,164.1,144.5,89.1,81.2,126.6,270.2,75.4,77.3,84.3,59.2,1295.9,397.7,553.4,344.8
211,Jammu and Kashmir,1998,75,297.2,185.4,192.8,75.1,59.3,161,131.1,97.9,49.2,1.8,0,1325.8,453.3,449.3,423.2
212,Jammu and Kashmir,1999,183.5,56,91.6,24.3,47.6,51.9,133.8,145,84.8,3.5,68.4,0.2,890.6,163.5,415.5,311.6
213,Jammu and Kashmir,2000,159.5,106.6,90.4,30.4,51.1,95.5,193.7,123.6,73.2,1.4,21,38.2,984.6,171.9,486,326.7
214,Jammu and Kashmir,2001,17.4,54.3,81.7,92.8,69.6,121.7,243.9,126.7,53.9,12.7,51.6,26.4,952.7,244.1,546.2,162.4
215,Jammu and Kashmir,2002,58.7,101.2,105.5,86.3,33,94.2,78.7,217.4,97.9,15.2,0.7,14.6,903.4,224.8,488.2,190.4
216,Jammu and Kashmir,2003,26.9,267.2,170.9,117.5,111.3,41,136,185.5,126.1,13.3,33.7,81.7,1311.1,399.7,488.6,422.8
217,Jammu and Kashmir,2004,176,70.6,21.2,118.9,87.5,95.2,118,77.9,40.5,73.3,23.3,42.4,944.8,227.6,331.6,385.6
218,Jammu and Kashmir,2005,296,403.5,189.7,64.9,92,41.6,440.3,77.7,50,14.6,21.8,0.5,1692.6,346.6,609.6,736.4
219,Jammu and Kashmir,2006,200.3,92.3,96.8,34.4,43.8,74.3,209,331.5,203,46.2,72.5,115.8,1519.9,175,817.8,527.1
220,Jammu and Kashmir,2007,12.3,116.7,259.3,15,65.6,143.9,132.4,196.8,33,1.6,0,47,1023.6,339.9,506.1,177.6
221,Jammu and Kashmir,2008,153.5,130.8,9.9,97.7,63.3,134.9,266.3,166,44.7,42.4,25.2,89.8,1224.5,170.9,611.9,441.7
222,Jammu and Kashmir,2009,120.3,117.9,63.7,113.5,64.3,64.1,144.4,96.5,50.5,8.1,3.5,35.6,882.4,241.5,355.5,285.4
223,Jammu and Kashmir,2010,30.9,142.2,34.9,63.9,128.3,67.4,137.3,253.2,65,25,13.6,36.1,997.8,227.1,522.9,247.8
224,Jammu and Kashmir,2011,43.4,211.6,97.8,89,32.4,72.5,81.6,131.2,72,19.4,12.9,23.8,887.6,219.2,357.3,311.1
225,Jammu and Kashmir,2012,150.9,95.8,45.2,86.6,48.9,32.6,118.8,264.9,106.7,15.7,10.8,57.8,1034.7,180.7,523,331
226,Jammu and Kashmir,2013,52.2,136.4,41.9,47.4,47.4,80.5,125.1,219.1,41.2,34.4,13.4,20.3,859.3,136.7,465.9,256.7
227,Jammu and Kashmir,2014,75.8,64,153.1,76.1,52.7,25.3,100.5,134.6,362.8,32.2,14.1,2.3,1093.5,281.9,623.2,188.4
228,Jammu and Kashmir,2015,27.9,187.2,341.4,173.3,64.6,121.4,233.2,129.2,130.2,87.1,38.1,39.3,1572.9,579.3,614,379.6
229,Jammu and Kashmir,2016,34.5,44.4,191.4,82,58.4,62.9,193,181.8,45.1,3.3,0,6.1,902.9,331.8,482.8,88.3
230,Jammu and Kashmir,2017,255.5,106.4,85,156.7,38.5,158.5,180.7,161.4,43.3,0.3,11.3,81.5,1279.1,280.2,543.9,455
231,Jharkhand,1997,9.5,3.7,1.5,29.4,25.2,230.4,400.5,431.6,199.6,54.3,39,36.6,1461.3,56.1,1262.1,143.1
232,Jharkhand,1998,76.3,20.6,54.1,33.8,45.5,109.9,302.4,263.2,288.6,132.3,26.3,0.7,1353.7,133.4,964.1,256.2
233,Jharkhand,1999,0.6,0.1,0.1,1.5,95.4,240.2,416,373.1,315.8,140.6,3.3,0.2,1586.9,97,1345.1,144.8
234,Jharkhand,2000,3.6,21.2,6.3,19.6,67.7,185.3,358.4,152.8,356.9,19.1,0.4,0.2,1191.5,93.6,1053.4,44.5
235,Jharkhand,2001,1.9,4,30,14,57.4,324.7,354.6,219.4,132.8,115.5,0.2,0,1254.5,101.4,1031.5,121.6
236,Jharkhand,2002,9,5.4,10.7,11.5,38.7,184.9,186.8,277.4,253.4,55,1.3,0.8,1034.9,60.9,902.5,71.5
237,Jharkhand,2003,3.3,30.5,33.6,17.9,21.5,152.4,247.5,245.1,224,255.5,6.2,7.4,1244.9,73,869,302.9
238,Jharkhand,2004,5.5,2.7,3.1,41,31.1,184.4,200.7,327,211.5,128.1,0.1,1.6,1136.8,75.2,923.6,138
239,Jharkhand,2005,22.1,17.5,17.7,9.6,23.5,157.2,266.4,214.5,141.5,83.1,1.3,6.1,960.5,50.8,779.6,130.1
240,Jharkhand,2006,0.3,0.2,22.4,15.7,107.4,198.3,447.1,337.2,298.7,24.6,7.4,0,1459.3,145.5,1281.3,32.5
241,Jharkhand,2007,1.7,48.4,25.5,22.3,58.1,125.4,430.4,353.6,324.7,39.6,7.6,0,1437.3,105.9,1234.1,97.3
242,Jharkhand,2008,19.4,3.6,6.2,10.7,42.9,366.3,377.9,310.5,152.9,34,1,0,1325.4,59.8,1207.6,58
243,Jharkhand,2009,1.8,0.8,2,0.8,78.1,62.7,266.6,248,248.8,82.2,4,0.5,996.3,80.9,826.1,89.3
244,Jharkhand,2010,0.2,2.3,0.9,6.3,29.2,92.6,170.2,155.1,160.5,55.1,4.7,20,697.1,36.4,578.4,82.3
245,Jharkhand,2011,3.3,2.5,6.4,25.4,55,349,181.8,403.2,324.6,23.3,0,0.1,1374.6,86.8,1258.6,29.2
246,Jharkhand,2012,34.6,10.3,1.5,9.6,6.6,121.1,287.2,282.4,217.6,37.8,48.6,7.6,1064.9,17.7,908.3,138.9
247,Jharkhand,2013,1.1,17.9,1.6,22.3,85,181.5,211.1,278.1,173.8,281.1,0,0,1253.5,108.9,844.5,300.1
248,Jharkhand,2014,9.9,47.5,22.9,1.9,98.2,139.7,321.3,290.9,178.2,44.9,0,1.2,1156.6,123,930.1,103.5
249,Jharkhand,2015,12.2,2.6,21.6,55.5,25.5,183.3,429.7,240.7,85.1,22.7,0.2,2.7,1081.8,102.6,938.8,40.4
250,Jharkhand,2016,12.6,7.6,17.5,1,72.8,122.9,301,395.6,287.5,45.6,0,0,1264.1,91.3,1107,65.8
251,Jharkhand,2017,5.1,0.1,4.5,6.1,55.9,116,492.1,246,134,103.4,2.3,0.2,1165.7,66.5,988.1,111.1
252,Karnataka,1997,3.3,0.03,18.63,23.37,28.63,403.5,672.87,560.97,100.8,122.73,99.4,42.2,2076.43,70.63,1738.14,267.66
253,Karnataka,1998,0,0,1.77,14.77,50.57,409.93,503.6,331.6,323.9,197.53,49.83,7.7,1891.2,67.11,1569.03,255.06
254,Karnataka,1999,0.03,2.8,0.83,17.73,185.23,358.93,648.67,248.9,130.67,254.33,13.97,1.33,1863.42,203.79,1387.17,272.46
255,Karnataka,2000,5.57,6.2,0.43,26.83,108.23,413.93,414.4,402.3,199.03,165.33,9.8,5,1757.05,135.49,1429.66,191.9
256,Karnataka,2001,1.07,0.5,0.73,61.37,66.87,372.7,385.73,305.07,176.27,143.3,30.37,1.37,1545.35,128.97,1239.77,176.61
257,Karnataka,2002,2.13,10.17,1.03,22.07,93.93,334.87,231,334.87,96.87,218.27,14.3,0.3,1359.81,117.03,997.61,245.17
258,Karnataka,2003,0.17,3.1,14.57,32.87,7.77,386.3,409.17,297.9,117.4,156.07,8.8,1.93,1436.05,55.21,1210.77,170.07
259,Karnataka,2004,3.9,5.17,8.1,38.93,201.07,369.5,340.5,392.8,135.5,89.27,26.8,3.53,1615.07,248.1,1238.3,128.67
260,Karnataka,2005,4.5,1.63,2.9,67,51.4,353,576.73,349.5,253.8,174.27,28.63,2.57,1865.93,121.3,1533.03,211.6
261,Karnataka,2006,0.4,0.03,18.97,14.23,187.27,371.33,480.47,372.53,217.63,105.77,70.43,0.37,1839.43,220.47,1441.96,177
262,Karnataka,2007,3.93,2.37,3.07,35.67,58.9,461.4,462.93,456.43,344.8,115.27,23.07,8.2,1976.04,97.64,1725.56,152.84
263,Karnataka,2008,0.4,14.9,126.5,27.03,53.27,357.37,323.93,434.6,225.73,87.6,27.13,8,1686.46,206.8,1341.63,138.03
264,Karnataka,2009,0.27,0.03,24.13,22.43,88.37,221.3,746.17,258.23,331.4,184.73,76.8,24.07,1977.93,134.93,1557.1,285.9
265,Karnataka,2010,10.63,1.53,3.2,49.6,71.53,307.3,542.93,357.7,246.1,168.8,162.3,4.9,1926.52,124.33,1454.03,348.16
266,Karnataka,2011,2.47,7.8,9.43,62.5,59.87,432.27,477.9,404.27,241.8,132.33,47.97,5.07,1883.68,131.8,1556.24,195.64
267,Karnataka,2012,11.6,7.7,4.53,70.47,29.33,264.23,337.93,456.53,187.27,87.7,65.7,4.23,1527.22,104.33,1245.96,176.93
268,Karnataka,2013,1.37,11.93,11.23,29.5,81.13,476.2,661.13,301.93,257.3,156.6,28.67,4.17,2021.16,121.86,1696.56,202.74
269,Karnataka,2014,0.13,2.93,16.27,37.87,135.13,221.4,521.27,526.93,210.37,153.2,28.4,21.2,1875.1,189.27,1479.97,205.86
270,Karnataka,2015,1.83,0.4,28.07,67.83,106.97,347.87,360.47,263.4,191.87,125.27,89.33,6.8,1590.11,202.87,1163.61,223.63
271,Karnataka,2016,1.47,0.27,3.17,7.87,78.77,424.03,374.07,209.07,147.9,42.67,8.87,12.57,1310.73,89.81,1155.07,65.85
272,Karnataka,2017,2.03,0,10,17.83,104.9,356.77,340.93,304.13,257.8,170.63,12.7,5.27,1582.99,132.73,1259.63,190.63
273,Kerala,1997,2.1,1.5,36.1,60.6,133.6,544.2,970.5,536,292.2,288.9,298.4,88.4,3252.5,230.3,2342.9,679.3
274,Kerala,1998,6,2.1,8.1,61.1,151.6,732.5,641.4,371.8,517.6,444.8,135,79.4,3151.4,220.8,2263.3,667.3
275,Kerala,1999,1.8,23.8,21.4,111.6,453.2,607.3,700.4,266.3,88,567.9,68.1,4.9,2914.7,586.2,1662,666.5
276,Kerala,2000,11.7,57.8,21.5,96.3,124.5,633.8,343.2,566.5,195.8,214.2,78.1,69.1,2412.5,242.3,1739.3,430.9
277,Kerala,2001,16.5,28.3,7,238,238.6,715.3,598.5,361.3,216.8,319.6,181,10.1,2931,483.6,1891.9,555.5
278,Kerala,2002,4.7,8.7,35.7,117.3,330.8,503.1,318.7,438.2,99,511.7,137.5,2.1,2507.5,483.8,1359,664.7
279,Kerala,2003,0.7,50.9,82.1,134.4,91,566.7,532,350.3,93.6,407,76.4,9.7,2394.8,307.5,1542.6,544.7
280,Kerala,2004,2.4,8.1,37.9,113.2,610.9,673.4,385.4,417.9,192.8,320.6,120.7,2.7,2886,762,1669.5,454.5
281,Kerala,2005,19.8,7,25.3,205.9,134.8,619.2,832.7,291,414.7,240.1,184.3,56.4,3031.2,366,2157.6,507.6
282,Kerala,2006,8.1,0.5,90.7,65.3,521.2,482.4,804,432.6,474.8,376.4,162.8,1.8,3420.6,677.2,2193.8,549.6
283,Kerala,2007,0.5,5.6,7.3,138.5,192.7,705.9,966.3,489.6,526.7,357.2,87.4,11.9,3489.6,338.5,2688.5,462.6
284,Kerala,2008,0.8,30.3,217.2,108.4,81.2,469.9,505.1,349,347,343.4,55.4,17,2524.7,406.8,1671,446.9
285,Kerala,2009,3.3,1.5,62.6,69,191.6,438.2,924.9,269.3,326.5,205.2,274.4,44.2,2810.7,323.2,1958.9,528.6
286,Kerala,2010,18.6,1,31.4,138.9,190.6,667.5,629,356,275.6,441.4,335.1,46.8,3131.9,360.9,1928.1,842.9
287,Kerala,2011,20.5,45.7,24.1,165.2,124.2,788.5,536.8,492.7,391.2,227.2,169.7,49.5,3035.3,313.5,2209.2,512.6
288,Kerala,2012,7.4,11,21,171.1,95.3,430.3,362.6,501.6,241.1,187.5,112.9,9.4,2151.2,287.4,1535.6,328.2
289,Kerala,2013,3.9,40.1,49.9,49.3,119.3,1042.7,830.2,369.7,318.6,259.9,154.9,17,3255.5,218.5,2561.2,475.8
290,Kerala,2014,4.6,10.3,17.9,95.7,251,454.4,677.8,733.9,298.8,355.5,99.5,47.2,3046.6,364.6,2164.9,517.1
291,Kerala,2015,3.1,5.8,50.1,214.1,201.8,563.6,406,252.2,292.9,308.1,223.6,79.4,2600.7,466,1514.7,620
292,Kerala,2016,3,16.4,22.4,33.3,258.4,595.7,441.5,231,84.1,105.1,57.9,22,1870.8,314.1,1352.3,204.4
293,Kerala,2017,12.7,0.3,87.8,52.8,213.3,579.8,378.5,462.6,435.5,228,152.1,61.4,2664.8,353.9,1856.4,454.5
294,Madhya Pradesh,1997,3.5,0,0.65,5.7,2.5,92.4,397.5,346.85,147.6,48.85,63.9,98.25,1207.7,8.85,984.35,214.5
295,Madhya Pradesh,1998,16.1,3.15,16.5,3.55,1.75,88.65,288.1,265.85,236.85,29.75,19.9,0,970.15,21.8,879.45,68.9
296,Madhya Pradesh,1999,1.2,26.1,0,0,4.65,124.75,310.15,271.95,426.75,82.6,0.15,0,1248.3,4.65,1133.6,110.05
297,Madhya Pradesh,2000,0.1,1.25,0.1,0.1,18.75,130.45,349.1,172.2,71.5,1.5,0,0.1,745.15,18.95,723.25,2.95
298,Madhya Pradesh,2001,2.2,0.4,1.75,14.5,14.4,229.55,368.8,221.4,38.95,86.1,0.5,0,978.55,30.65,858.7,89.2
299,Madhya Pradesh,2002,1.1,24.65,1.35,0.95,4.55,116.2,65.8,404.75,166.55,24.5,5.75,1,817.15,6.85,753.3,57
300,Madhya Pradesh,2003,0.9,40.35,1.15,1,0.35,124.3,337.15,299.1,374.1,10.7,0.35,2.7,1192.15,2.5,1134.65,55
301,Madhya Pradesh,2004,18.3,0.2,0,1.05,4.35,145.9,210.55,395.5,87.8,34.45,3.15,0.4,901.65,5.4,839.75,56.5
302,Madhya Pradesh,2005,24.45,6.85,19.85,4.75,21.8,122.55,471.45,193.55,176.75,14.45,0,2.9,1059.35,46.4,964.3,48.65
303,Madhya Pradesh,2006,0,0,47.3,8.75,20.4,65.4,336.4,415.1,136.1,13.35,10.45,3,1056.25,76.45,953,26.8
304,Madhya Pradesh,2007,4.35,18.9,5.6,1.75,10.4,87.35,256.7,191.6,134.2,1.55,16.65,1.05,730.1,17.75,669.85,42.5
305,Madhya Pradesh,2008,0.9,2.05,5.7,2.5,4.55,250.9,245,238,127.9,14.2,5.25,0.2,897.15,12.75,861.8,22.6
306,Madhya Pradesh,2009,10.15,0.5,0.95,2,5.1,46.05,318.95,182,174.15,79.4,72.15,19.05,910.45,8.05,721.15,181.25
307,Madhya Pradesh,2010,2.55,7.9,0.45,0.4,1.05,60.3,310.9,281.7,174.75,18.6,7.75,2.05,868.4,1.9,827.65,38.85
308,Madhya Pradesh,2011,0.3,1.8,0.2,4.45,4.15,287,315.15,335.1,220.75,0.65,0,0,1169.55,8.8,1158,2.75
309,Madhya Pradesh,2012,22.8,0.35,0.3,1,2.15,58,419.05,346.45,183.45,7.4,1.9,1.35,1044.2,3.45,1006.95,33.8
310,Madhya Pradesh,2013,1.85,37.25,11.3,6.15,0.35,287.8,470.65,456.7,88.45,96.45,0.4,1.7,1459.05,17.8,1303.6,137.65
311,Madhya Pradesh,2014,28.85,42.05,11.2,3.25,1.95,61.2,310.4,221.4,166.1,31.7,2.45,14.35,894.9,16.4,759.1,119.4
312,Madhya Pradesh,2015,38.75,8.7,63.45,19.55,4.15,146.65,345.2,274.35,63.6,24.6,0.75,0.95,990.7,87.15,829.8,73.75
313,Madhya Pradesh,2016,12.7,1.15,10,0.05,13.95,105.05,492.55,428.55,120.2,34.8,0,0,1219,24,1146.35,48.65
314,Madhya Pradesh,2017,4.6,4.3,1.75,0.1,9.15,119.5,323.3,176.4,147.7,16.15,0.55,1,804.5,11,766.9,26.6
315,Maharashtra,1997,7.48,0.28,3.5,12.45,5.77,280.48,422.97,382.5,154,65.92,71.1,58,1464.45,21.72,1239.95,202.78
316,Maharashtra,1998,3.28,3.75,5.05,3.12,11.85,283.92,425.58,367.2,325.55,161.68,40.05,0.03,1631.06,20.02,1402.25,208.79
317,Maharashtra,1999,0.05,8.4,0.08,0.03,39.38,393.58,433.72,199.15,232.38,145.68,0.17,0,1452.62,39.49,1258.83,154.3
318,Maharashtra,2000,0.53,5.32,0.2,0.78,63.48,334.15,507.12,368.7,74.43,47.52,1.25,2.62,1406.1,64.46,1284.4,57.24
319,Maharashtra,2001,5.93,0.15,4,8.93,19.15,296.33,327.85,346.95,116.53,129.2,3.57,0.12,1258.71,32.08,1087.66,138.97
320,Maharashtra,2002,2.4,2.8,0.72,6.2,10.12,434.2,173.68,408.02,140.97,48.3,3.9,0.1,1231.41,17.04,1156.87,57.5
321,Maharashtra,2003,0.85,2.12,2.05,3.62,14.45,333.47,469.88,309.23,162.15,37.15,2.78,0.55,1338.3,20.12,1274.73,43.45
322,Maharashtra,2004,2.9,1.5,1.52,5.12,34.62,283.1,373.97,415.93,184.5,40.2,13.07,0.08,1356.51,41.26,1257.5,57.75
323,Maharashtra,2005,23.25,2.05,5.57,4.65,5.58,293.7,627.2,350.4,353.88,81.72,0,0.08,1748.08,15.8,1625.18,107.1
324,Maharashtra,2006,0,0,24.58,4.5,75.43,284.52,489.9,507.7,250.53,88.47,15.93,0,1741.56,104.51,1532.65,104.4
325,Maharashtra,2007,0.35,0.43,0.4,2.33,12.52,412.07,401.75,420.75,320.18,19.3,7.47,0.03,1597.58,15.25,1554.75,27.58
326,Maharashtra,2008,0.08,0.53,20.85,1.85,4.22,277.75,323.12,373.88,323.05,42.53,1.95,0.88,1370.69,26.92,1297.8,45.97
327,Maharashtra,2009,0.03,0.42,0.65,0.93,6.55,135.18,512.75,196.02,200.07,126.12,92.35,3.47,1274.54,8.13,1044.02,222.39
328,Maharashtra,2010,5.97,1.95,3.08,1.2,5.03,282.73,617.55,439.65,273.05,94,63.47,1.2,1788.88,9.31,1612.98,166.59
329,Maharashtra,2011,0,1.32,0.28,4.9,1.92,301.85,530.67,439.33,224.43,53.15,0.78,0,1558.63,7.1,1496.28,55.25
330,Maharashtra,2012,0.78,0.03,0,1.2,1.25,224.65,415.77,341.98,253.55,93.5,3.03,0,1335.74,2.45,1235.95,97.34
331,Maharashtra,2013,2.5,8.28,1.82,4.13,7.85,442.07,654.8,276.9,209.2,108.73,3.38,3.98,1723.64,13.8,1582.97,126.87
332,Maharashtra,2014,1.75,10.8,38.7,5.67,15.52,93.97,503.43,317.23,212.32,42.17,16.73,7.6,1265.89,59.89,1126.95,79.05
333,Maharashtra,2015,10.12,1.78,44.08,20.23,15.2,328.48,200.7,211.4,177.32,41.55,12.07,0.08,1063.01,79.51,917.9,65.6
334,Maharashtra,2016,0.17,2.27,10,2.45,7.12,307.5,603.3,325.18,325.55,86.12,0.78,0.3,1670.74,19.57,1561.53,89.64
335,Maharashtra,2017,0.05,0,2.8,0.2,18.9,339.92,427.72,337.98,254.3,106.9,2.1,8.2,1499.07,21.9,1359.92,117.25
336,Manipur,1997,11.3,23.7,134.4,112,255,334,598.5,273.9,361.6,48.6,17.8,41.3,2212.1,501.4,1568,142.7
337,Manipur,1998,28.1,31.6,136.4,164.6,352.2,297.6,480.6,367.3,222.3,97.9,46.5,0.3,2225.4,653.2,1367.8,204.4
338,Manipur,1999,2.2,0,33.5,26.3,397.5,358.4,422.7,391.3,338.5,227.7,16.5,18.3,2232.9,457.3,1510.9,264.7
339,Manipur,2000,22.5,26.1,129.1,214.2,403.6,325.4,269.2,465,298.3,185.2,24.2,1.1,2363.9,746.9,1357.9,259.1
340,Manipur,2001,1.5,46.9,38.8,83.6,313.8,478,322.6,263,269,266.4,65.4,0.2,2149.2,436.2,1332.6,380.4
341,Manipur,2002,18.6,3.9,62.7,143.8,438.7,351.6,462.2,358.4,225.7,98.9,71.9,6,2242.4,645.2,1397.9,199.3
342,Manipur,2003,3.8,11.5,78,158.9,265.6,590.9,262.4,281.7,288.4,175.1,5.1,40.9,2162.3,502.5,1423.4,236.4
343,Manipur,2004,4.8,2.7,11,341.5,211,449.2,558.6,284.3,351,132.7,6.4,0.5,2353.7,563.5,1643.1,147.1
344,Manipur,2005,6.4,15,118.6,98.1,237,212.3,301.5,334.8,292.6,194.3,15.6,10.5,1836.7,453.7,1141.2,241.8
345,Manipur,2006,0.6,12.4,5.5,111.1,382.2,445.6,335,241.6,231.1,90.4,13,3.7,1872.2,498.8,1253.3,120.1
346,Manipur,2007,7.9,54.7,28.7,220.4,276.7,446.3,430,373.8,426.6,180.5,82.6,10.1,2538.3,525.8,1676.7,335.8
347,Manipur,2008,30.7,13.8,49.6,54.9,200.8,327.4,333.3,358.6,223.7,150.2,4.7,1.2,1748.9,305.3,1243,200.6
348,Manipur,2009,0,3.2,27.5,93.1,209.5,271.9,295.8,380.9,271.3,158.2,26.1,0.2,1737.7,330.1,1219.9,187.7
349,Manipur,2010,1,7.9,85.8,161.5,294,411.6,367.5,393.2,309.8,220.2,9.2,33.5,2295.2,541.3,1482.1,271.8
350,Manipur,2011,12.6,3.6,51.4,81.1,334.9,374.2,313.3,367.6,258.3,92.6,2.4,0.2,1892.2,467.4,1313.4,111.4
351,Manipur,2012,24.5,10.2,20.3,243.5,163.5,396.2,280.1,342.7,248.7,160.9,32,0.4,1923,427.3,1267.7,228
352,Manipur,2013,0.2,5.7,19.7,60.3,348.9,206.6,255.9,291.3,241.4,125.6,0.3,1.2,1557.1,428.9,995.2,133
353,Manipur,2014,1.2,21,25.4,49.6,192.5,268.3,295.7,372.3,300.9,69.6,3.3,0.1,1599.9,267.5,1237.2,95.2
354,Manipur,2015,14.4,14.2,21.6,253.5,198.3,283.9,413.6,334.2,255.9,118.7,3.9,10,1922.2,473.4,1287.6,161.2
355,Manipur,2016,8.5,33.5,57.6,135.4,285.7,287.8,326.2,319,296,114.7,90.3,1.7,1956.4,478.7,1229,248.7
356,Manipur,2017,0.8,11.9,125.3,277.6,196.7,502.7,431.5,543.3,352.2,287.6,7.6,68.1,2805.3,599.6,1829.7,376
357,Meghalaya,1997,18.2,40.7,91.8,131.9,241.8,569.9,511.2,315.5,366.8,36.4,12.6,35.4,2372.2,465.5,1763.4,143.3
358,Meghalaya,1998,11.8,31.5,136.8,185.7,250.6,581.2,604.4,549.5,212.3,190,48.9,0.4,2803.1,573.1,1947.4,282.6
359,Meghalaya,1999,2.4,0.5,38.7,150.6,466.8,429,596.7,487.5,196.9,208.6,14.1,2.3,2594.1,656.1,1710.1,227.9
360,Meghalaya,2000,20.5,13.7,65.9,238.5,375.1,540.2,313.3,513.2,299.9,83.9,22.2,0.4,2486.8,679.5,1666.6,140.7
361,Meghalaya,2001,5.5,39.7,30.9,198.6,266.4,399.8,451.1,295.6,266.8,201.4,20.5,2.3,2178.6,495.9,1413.3,269.4
362,Meghalaya,2002,20.2,5.7,83.3,279.9,286.9,502.5,565.1,312.5,209.7,49.5,69.4,7.9,2392.6,650.1,1589.8,152.7
363,Meghalaya,2003,9.5,41.5,96.9,213.8,235.8,551.4,481.2,290.7,250,231.8,13,18.6,2434.2,546.5,1573.3,314.4
364,Meghalaya,2004,15.3,19.5,72.8,340.8,342.2,397.9,848.4,286.2,317.2,340.8,6.5,6.6,2994.2,755.8,1849.7,388.7
365,Meghalaya,2005,22.8,30.5,172.2,207.5,281.2,373.9,474.5,501.9,174.9,218.6,8.9,1.3,2468.2,660.9,1525.2,282.1
366,Meghalaya,2006,0.7,40.9,20.8,169,325.7,395.9,350.3,209.7,252.3,97.6,25.1,10.7,1898.7,515.5,1208.2,175
367,Meghalaya,2007,1.5,73.7,23.5,242.7,219.8,489.7,682.7,308,494.7,164.7,47.7,4,2752.7,486,1975.1,291.6
368,Meghalaya,2008,29.7,14.5,107.5,156.2,210.6,414.6,493.2,508.6,267.5,133.4,2.2,1.6,2339.6,474.3,1683.9,181.4
369,Meghalaya,2009,7.9,11.6,44.9,134.9,246.5,321.1,426.3,533.8,192.3,135.9,9,4,2068.2,426.3,1473.5,168.4
370,Meghalaya,2010,0.5,3.1,99.6,389.3,393.4,569.7,415.1,387,318.3,116.2,11.6,7.6,2711.4,882.3,1690.1,139
371,Meghalaya,2011,11.1,11.4,109,92.1,238.3,316,395.8,302.6,221.6,30.2,11.9,3.5,1743.5,439.4,1236,68.1
372,Meghalaya,2012,15.2,6.9,28.8,279.1,185.8,729.7,444.3,289.2,411.6,199.4,17.1,2.3,2609.4,493.7,1874.8,240.9
373,Meghalaya,2013,1.1,9.6,44,112.8,346.7,286.2,367.8,289.7,229.3,126.3,1,2,1816.5,503.5,1173,140
374,Meghalaya,2014,2,28.3,29.3,51.5,351.1,426.4,374.4,484.6,420.2,35,3,0.4,2206.2,431.9,1705.6,68.7
375,Meghalaya,2015,13.4,15.5,37.5,250.9,332.5,558.5,300.1,590.9,279.9,62.6,14,15.2,2471,620.9,1729.4,120.7
376,Meghalaya,2016,18.9,15.9,64.1,327.8,334,369,498.4,185.3,271.2,136.5,38.2,7.4,2266.7,725.9,1323.9,216.9
377,Meghalaya,2017,1.7,37.8,116.7,310.9,268.4,485.2,429,483.1,345.4,212.1,10.3,11,2711.6,696,1742.7,272.9
378,Mizoram,1997,11.3,23.7,134.4,112,255,334,598.5,273.9,361.6,48.6,17.8,41.3,2212.1,501.4,1568,142.7
379,Mizoram,1998,28.1,31.6,136.4,164.6,352.2,297.6,480.6,367.3,222.3,97.9,46.5,0.3,2225.4,653.2,1367.8,204.4
380,Mizoram,1999,2.2,0,33.5,26.3,397.5,358.4,422.7,391.3,338.5,227.7,16.5,18.3,2232.9,457.3,1510.9,264.7
381,Mizoram,2000,22.5,26.1,129.1,214.2,403.6,325.4,269.2,465,298.3,185.2,24.2,1.1,2363.9,746.9,1357.9,259.1
382,Mizoram,2001,1.5,46.9,38.8,83.6,313.8,478,322.6,263,269,266.4,65.4,0.2,2149.2,436.2,1332.6,380.4
383,Mizoram,2002,18.6,3.9,62.7,143.8,438.7,351.6,462.2,358.4,225.7,98.9,71.9,6,2242.4,645.2,1397.9,199.3
384,Mizoram,2003,3.8,11.5,78,158.9,265.6,590.9,262.4,281.7,288.4,175.1,5.1,40.9,2162.3,502.5,1423.4,236.4
385,Mizoram,2004,4.8,2.7,11,341.5,211,449.2,558.6,284.3,351,132.7,6.4,0.5,2353.7,563.5,1643.1,147.1
386,Mizoram,2005,6.4,15,118.6,98.1,237,212.3,301.5,334.8,292.6,194.3,15.6,10.5,1836.7,453.7,1141.2,241.8
387,Mizoram,2006,0.6,12.4,5.5,111.1,382.2,445.6,335,241.6,231.1,90.4,13,3.7,1872.2,498.8,1253.3,120.1
388,Mizoram,2007,7.9,54.7,28.7,220.4,276.7,446.3,430,373.8,426.6,180.5,82.6,10.1,2538.3,525.8,1676.7,335.8
389,Mizoram,2008,30.7,13.8,49.6,54.9,200.8,327.4,333.3,358.6,223.7,150.2,4.7,1.2,1748.9,305.3,1243,200.6
390,Mizoram,2009,0,3.2,27.5,93.1,209.5,271.9,295.8,380.9,271.3,158.2,26.1,0.2,1737.7,330.1,1219.9,187.7
391,Mizoram,2010,1,7.9,85.8,161.5,294,411.6,367.5,393.2,309.8,220.2,9.2,33.5,2295.2,541.3,1482.1,271.8
392,Mizoram,2011,12.6,3.6,51.4,81.1,334.9,374.2,313.3,367.6,258.3,92.6,2.4,0.2,1892.2,467.4,1313.4,111.4
393,Mizoram,2012,24.5,10.2,20.3,243.5,163.5,396.2,280.1,342.7,248.7,160.9,32,0.4,1923,427.3,1267.7,228
394,Mizoram,2013,0.2,5.7,19.7,60.3,348.9,206.6,255.9,291.3,241.4,125.6,0.3,1.2,1557.1,428.9,995.2,133
395,Mizoram,2014,1.2,21,25.4,49.6,192.5,268.3,295.7,372.3,300.9,69.6,3.3,0.1,1599.9,267.5,1237.2,95.2
396,Mizoram,2015,14.4,14.2,21.6,253.5,198.3,283.9,413.6,334.2,255.9,118.7,3.9,10,1922.2,473.4,1287.6,161.2
397,Mizoram,2016,8.5,33.5,57.6,135.4,285.7,287.8,326.2,319,296,114.7,90.3,1.7,1956.4,478.7,1229,248.7
398,Mizoram,2017,0.8,11.9,125.3,277.6,196.7,502.7,431.5,543.3,352.2,287.6,7.6,68.1,2805.3,599.6,1829.7,376
399,Nagaland,1997,11.3,23.7,134.4,112,255,334,598.5,273.9,361.6,48.6,17.8,41.3,2212.1,501.4,1568,142.7
400,Nagaland,1998,28.1,31.6,136.4,164.6,352.2,297.6,480.6,367.3,222.3,97.9,46.5,0.3,2225.4,653.2,1367.8,204.4
401,Nagaland,1999,2.2,0,33.5,26.3,397.5,358.4,422.7,391.3,338.5,227.7,16.5,18.3,2232.9,457.3,1510.9,264.7
402,Nagaland,2000,22.5,26.1,129.1,214.2,403.6,325.4,269.2,465,298.3,185.2,24.2,1.1,2363.9,746.9,1357.9,259.1
403,Nagaland,2001,1.5,46.9,38.8,83.6,313.8,478,322.6,263,269,266.4,65.4,0.2,2149.2,436.2,1332.6,380.4
404,Nagaland,2002,18.6,3.9,62.7,143.8,438.7,351.6,462.2,358.4,225.7,98.9,71.9,6,2242.4,645.2,1397.9,199.3
405,Nagaland,2003,3.8,11.5,78,158.9,265.6,590.9,262.4,281.7,288.4,175.1,5.1,40.9,2162.3,502.5,1423.4,236.4
406,Nagaland,2004,4.8,2.7,11,341.5,211,449.2,558.6,284.3,351,132.7,6.4,0.5,2353.7,563.5,1643.1,147.1
407,Nagaland,2005,6.4,15,118.6,98.1,237,212.3,301.5,334.8,292.6,194.3,15.6,10.5,1836.7,453.7,1141.2,241.8
408,Nagaland,2006,0.6,12.4,5.5,111.1,382.2,445.6,335,241.6,231.1,90.4,13,3.7,1872.2,498.8,1253.3,120.1
409,Nagaland,2007,7.9,54.7,28.7,220.4,276.7,446.3,430,373.8,426.6,180.5,82.6,10.1,2538.3,525.8,1676.7,335.8
410,Nagaland,2008,30.7,13.8,49.6,54.9,200.8,327.4,333.3,358.6,223.7,150.2,4.7,1.2,1748.9,305.3,1243,200.6
411,Nagaland,2009,0,3.2,27.5,93.1,209.5,271.9,295.8,380.9,271.3,158.2,26.1,0.2,1737.7,330.1,1219.9,187.7
412,Nagaland,2010,1,7.9,85.8,161.5,294,411.6,367.5,393.2,309.8,220.2,9.2,33.5,2295.2,541.3,1482.1,271.8
413,Nagaland,2011,12.6,3.6,51.4,81.1,334.9,374.2,313.3,367.6,258.3,92.6,2.4,0.2,1892.2,467.4,1313.4,111.4
414,Nagaland,2012,24.5,10.2,20.3,243.5,163.5,396.2,280.1,342.7,248.7,160.9,32,0.4,1923,427.3,1267.7,228
415,Nagaland,2013,0.2,5.7,19.7,60.3,348.9,206.6,255.9,291.3,241.4,125.6,0.3,1.2,1557.1,428.9,995.2,133
416,Nagaland,2014,1.2,21,25.4,49.6,192.5,268.3,295.7,372.3,300.9,69.6,3.3,0.1,1599.9,267.5,1237.2,95.2
417,Nagaland,2015,14.4,14.2,21.6,253.5,198.3,283.9,413.6,334.2,255.9,118.7,3.9,10,1922.2,473.4,1287.6,161.2
418,Nagaland,2016,8.5,33.5,57.6,135.4,285.7,287.8,326.2,319,296,114.7,90.3,1.7,1956.4,478.7,1229,248.7
419,Nagaland,2017,0.8,11.9,125.3,277.6,196.7,502.7,431.5,543.3,352.2,287.6,7.6,68.1,2805.3,599.6,1829.7,376
420,Odisha,1997,17.9,5.3,31.9,77.8,33,197.6,303.4,479.9,234.6,37,27.4,58.8,1504.6,142.7,1215.5,146.4
421,Odisha,1998,31.5,28.3,52.4,43.4,53.4,176.4,277.6,203.5,277.3,139.6,73.8,0,1357.2,149.2,934.8,273.2
422,Odisha,1999,0.1,0.7,0.9,3.2,164.8,222.9,270.2,325.9,266.4,215.4,13.9,0,1484.4,168.9,1085.4,230.1
423,Odisha,2000,0.9,33.3,1.1,21.3,74.7,233.7,272.3,273.6,158,26.6,1.6,0.1,1097.2,97.1,937.6,62.5
424,Odisha,2001,0.4,1.4,32.3,28.7,71,336.1,584.2,380.9,132,86.8,18.7,0,1672.5,132,1433.2,107.3
425,Odisha,2002,11.7,0.2,13.1,25.1,67.5,182.4,170.2,371.2,206.5,47.1,7.8,0,1102.8,105.7,930.3,66.8
426,Odisha,2003,0.1,16.2,21.6,24.7,22.6,178.9,367.5,425.1,264.3,287.4,11,28.8,1648.2,68.9,1235.8,343.5
427,Odisha,2004,6.8,8,6.4,49.2,29.7,216.4,328,346.4,148.1,149.6,1.8,0,1290.4,85.3,1038.9,166.2
428,Odisha,2005,29.4,4,24.3,20.9,44.9,199.4,410.3,201,342.8,206.9,12.4,7.1,1503.4,90.1,1153.5,259.8
429,Odisha,2006,0.2,0,29.9,25,105.6,175.2,454,624.9,254.7,26.4,21,0,1716.9,160.5,1508.8,47.6
430,Odisha,2007,0.7,32.5,8,21,62.8,321,285.1,420.6,401.7,66.4,14,0,1633.8,91.8,1428.4,113.6
431,Odisha,2008,27.5,10.4,17.5,28.2,37.4,343.5,306.4,388.3,355,22.1,2.7,0,1539,83.1,1393.2,62.7
432,Odisha,2009,1.9,0.5,2.7,1.1,68.2,87.3,586,286.9,162.5,105.8,27.3,0.1,1330.3,72,1122.7,135.6
433,Odisha,2010,8.8,1.2,5.6,7.8,93,146.4,304.9,282.7,236,133,35.6,37.2,1292.2,106.4,970,215.8
434,Odisha,2011,3.7,16.2,4.9,58.2,75.6,210.1,199.6,358.6,398.7,20.2,0.1,0.4,1346.3,138.7,1167,40.6
435,Odisha,2012,50.8,3.6,0.9,34.8,21.3,169.6,324.3,417,242.4,66,72.1,3.1,1405.9,57,1153.3,195.6
436,Odisha,2013,3.3,7.8,2.1,53.6,57.7,272.6,380,254.9,208.1,391,1.2,0,1632.3,113.4,1115.6,403.3
437,Odisha,2014,0,17.6,25.1,11.7,111.9,92.2,496.2,386.3,281.1,111.8,2.2,0.9,1537,148.7,1255.8,132.5
438,Odisha,2015,15.1,3.3,10.5,67.6,32.6,238.6,294.8,264,237,24.7,6.2,15.6,1210,110.7,1034.4,64.9
439,Odisha,2016,2.2,16.7,15.2,8.6,74.9,164.2,280.3,320.8,266.2,93.5,10.4,0.5,1253.5,98.7,1031.5,123.3
440,Odisha,2017,1.7,0,29.8,8.7,55.2,209.5,349.7,301.7,192.2,161.1,30,4.8,1344.4,93.7,1053.1,197.6
441,Punjab,1997,14.5,5.4,8.9,35.8,30.4,55.3,144.1,261.5,24.3,39,28.8,42.1,690.1,75.1,485.2,129.8
442,Punjab,1998,2.8,55.8,25.5,19.1,2.7,42.4,160.6,90.1,139.5,49.9,0,0.2,588.6,47.3,432.6,108.7
443,Punjab,1999,43.4,5.6,4.3,0,22.6,35.6,139.6,82,30.7,0.5,0.1,0.2,364.6,26.9,287.9,49.8
444,Punjab,2000,25.4,26.6,6.9,1.3,15.3,50.1,164.8,70,42,0,0.7,2.2,405.3,23.5,326.9,54.9
445,Punjab,2001,8,2.1,6.2,24.5,36.9,93.8,173.9,69.5,19.9,1.5,0.9,3.8,441,67.6,357.1,16.3
446,Punjab,2002,2.4,6.6,6.8,3.3,20.8,24.7,50.4,58.4,95,2.6,0,3.7,274.7,30.9,228.5,15.3
447,Punjab,2003,10.6,56.4,19.4,3,3.9,40.7,136.7,94.7,52.2,0,2.2,5,424.8,26.3,324.3,74.2
448,Punjab,2004,32.4,5.7,0,15.5,27.2,48.8,52.1,124.2,8.9,31.2,0.8,5,351.8,42.7,234,75.1
449,Punjab,2005,35.8,60.3,28.6,8.4,5.2,34.6,176.7,95.3,106.7,0.4,0,0,552,42.2,413.3,96.5
450,Punjab,2006,15,3.7,46.1,1.3,32.1,73,220.3,90.8,120.7,24.6,13.4,6.7,647.7,79.5,504.8,63.4
451,Punjab,2007,1.2,68.8,48.2,10,5.9,64.4,95.1,215.4,73.7,0.6,0.9,10.6,594.8,64.1,448.6,82.1
452,Punjab,2008,12,4.1,0,19.7,40.6,155.5,101.9,312.2,59.8,9.9,0.6,0.9,717.2,60.3,629.4,27.5
453,Punjab,2009,9.4,14.4,10.5,14,5.6,10.6,158,76.8,54.7,4,2.7,0.4,361.1,30.1,300.1,30.9
454,Punjab,2010,3.8,13.8,1.9,0.7,6,41.8,143.8,96.7,112.8,4.7,1.1,24.4,451.5,8.6,395.1,47.8
455,Punjab,2011,3.5,35.6,8.2,17.8,18.9,162.9,120.9,193.5,140.2,0,1,2.6,705.1,44.9,617.5,42.7
456,Punjab,2012,62.6,3.2,1.9,31.1,1.6,11.9,120.2,135.1,112.3,2.2,0.4,11,493.5,34.6,379.5,79.4
457,Punjab,2013,9.3,50.1,11.6,3.4,3.6,120.3,117.9,217.1,24.4,16.2,6.1,6.6,586.6,18.6,479.7,88.3
458,Punjab,2014,21.8,20.1,30.3,24.5,20.8,20.6,76.3,41.9,105.8,6,0.7,14.1,382.9,75.6,244.6,62.7
459,Punjab,2015,17.7,31.3,68.5,29.8,16.7,48.3,130.2,88.6,69.2,9,0.8,0.7,510.8,115,336.3,59.5
460,Punjab,2016,6.5,6,34.6,0.8,24.8,52.6,153.1,144.8,17.4,1.9,0.5,1.1,444.1,60.2,367.9,16
461,Punjab,2017,42.4,3,14.5,12.3,12.3,110.8,94.4,122.2,62.7,0,5.2,17.7,497.5,39.1,390.1,68.3
462,Rajasthan,1997,0.95,0.2,3.6,10.4,17.25,59,99.8,150.25,49.65,48.65,7.7,12.05,459.5,31.25,358.7,69.55
463,Rajasthan,1998,0,5.25,4.1,4.5,1.55,48.75,100.45,75.3,88.9,47.45,1.4,0,377.65,10.15,313.4,54.1
464,Rajasthan,1999,4,4,0.15,0.05,22.8,38.6,123.2,66.2,35.8,11.55,0,0.05,306.4,23,263.8,19.6
465,Rajasthan,2000,0.4,0.55,0.35,2.7,12.65,14.2,221.1,67.55,17.2,0.75,0.25,0.05,337.75,15.7,320.05,2
466,Rajasthan,2001,0.7,0.6,0.2,7.95,23.35,74.4,197.15,97.55,5.25,8.25,0,2.9,418.3,31.5,374.35,12.45
467,Rajasthan,2002,0.95,6.8,0.55,1.3,9.9,49.15,7.95,73.9,30.9,0.45,1.65,5.25,188.75,11.75,161.9,15.1
468,Rajasthan,2003,3.3,21.3,0.65,0.3,2.65,60.9,217.1,136.05,53.75,0.15,0,1.2,497.35,3.6,467.8,25.95
469,Rajasthan,2004,2.45,0,0,3.5,7.65,43.15,66.35,237.6,16.65,23.1,0.2,0.85,401.5,11.15,363.75,26.6
470,Rajasthan,2005,0.9,8.9,7.2,6.25,9.65,42.4,162.55,52.15,124.15,0,0.05,0,414.2,23.1,381.25,9.85
471,Rajasthan,2006,0,0,14.4,1.9,10.7,55.35,134.3,272.55,60.1,3.85,0.25,1.5,554.9,27,522.3,5.6
472,Rajasthan,2007,0.35,25.85,16.3,1.9,4.65,52.1,156.75,118.65,65.85,0,0.05,0.7,443.15,22.85,393.35,26.95
473,Rajasthan,2008,0.85,0.1,0.65,13.6,23.4,108.35,111.6,150.6,67.85,1.7,1.4,4.2,484.3,37.65,438.4,8.25
474,Rajasthan,2009,1.7,1.5,3.85,0.9,6.65,32.5,134.1,70.2,26.5,5.6,3.55,0.3,287.35,11.4,263.3,12.65
475,Rajasthan,2010,1.9,2.05,0.55,0.5,1.85,38.4,163.05,219.65,112.7,0.85,34.8,5.1,581.4,2.9,533.8,44.7
476,Rajasthan,2011,0,11.5,0.85,1,6.45,82.65,141.05,225.45,141.35,0.05,0,0,610.35,8.3,590.5,11.55
477,Rajasthan,2012,1.2,0,0,6.55,9.95,8.25,105.45,265.85,111.65,1.2,0,0.35,510.45,16.5,491.2,2.75
478,Rajasthan,2013,5,21.75,2.3,3.15,1.35,64.1,211.75,208.35,73.35,20.35,1.15,0.15,612.75,6.8,557.55,48.4
479,Rajasthan,2014,14.6,6.1,5.55,7.85,15.7,18.65,145.7,165.3,110.9,1.85,0.1,0.55,492.85,29.1,440.55,23.2
480,Rajasthan,2015,6.75,0.5,43.1,20.55,9.5,74.8,266.1,101.65,27.9,3.05,0.3,0.4,554.6,73.15,470.45,11
481,Rajasthan,2016,0.35,1,5.25,0.2,6.75,47.45,203.1,288.75,25.6,25.35,0,0,603.8,12.2,564.9,26.7
482,Rajasthan,2017,7.2,0.15,4.85,2,20.6,85.9,256.5,90.2,33.8,0,0.5,2.6,504.3,27.45,466.4,10.45
483,Sikkim,1997,18.9,31.3,76.4,119.5,166.9,613.3,488.1,479,443.9,41.3,16.3,56.5,2551.4,362.8,2024.3,164.3
484,Sikkim,1998,13.6,37,125.1,154.1,254.2,653,854.6,860.4,478.9,209.1,13.1,2.1,3655.2,533.4,2846.9,274.9
485,Sikkim,1999,8.7,6.2,17.9,156,335.4,550.5,831.7,751.6,404.1,246,10.7,4.5,3323.3,509.3,2537.9,276.1
486,Sikkim,2000,10.7,36.2,55.1,185.1,326.5,649.6,574.3,498.1,465.8,82.9,22.6,1.2,2908.1,566.7,2187.8,153.6
487,Sikkim,2001,4,20.5,50.2,134.8,347.2,472.2,399,424.5,434.9,282.8,36.6,5.9,2612.6,532.2,1730.6,349.8
488,Sikkim,2002,30.1,10,95.6,237.1,181.7,407.2,743.3,406.6,340.1,75.7,8.7,10.8,2546.9,514.4,1897.2,135.3
489,Sikkim,2003,17,79.2,90.1,171.4,211.7,516.6,703,354,321.4,223,16.4,19.2,2723,473.2,1895,354.8
490,Sikkim,2004,19.9,11.5,40.5,163.5,287.5,489.5,739.5,356.4,394.7,198.4,9,4.4,2714.8,491.5,1980.1,243.2
491,Sikkim,2005,19.5,21,132.1,155.5,254,446.5,704.3,564.5,229.9,271.1,8.8,0.5,2807.7,541.6,1945.2,320.9
492,Sikkim,2006,0.7,17,39.8,119.3,270.5,446.2,470.2,295,456.8,118.4,20.3,7.9,2262.1,429.6,1668.2,164.3
493,Sikkim,2007,3.1,81.1,46.6,160.1,215.1,485.1,686.3,412.4,458.6,79.5,8.8,2,2638.7,421.8,2042.4,174.5
494,Sikkim,2008,33.2,22.1,79.8,141.8,171.4,526.5,657.7,636.3,296.7,97.9,16.9,9.5,2689.8,393,2117.2,179.6
495,Sikkim,2009,6,40.3,55,115.2,308.7,350.6,456.1,568.4,174.6,235.1,9.1,5.6,2324.7,478.9,1549.7,296.1
496,Sikkim,2010,5.6,19.6,77.6,176.6,335.9,558.1,593.4,461.3,308.1,66.2,7.9,2.2,2612.5,590.1,1920.9,101.5
497,Sikkim,2011,8.5,19.9,71.2,135,247.8,419.8,612.3,470.3,356.3,46.7,26.7,4.3,2418.8,454,1858.7,106.1
498,Sikkim,2012,15.3,13.9,45.5,159.8,202.4,604.2,684.5,332.7,434.7,119.4,12.5,7.4,2632.3,407.7,2056.1,168.5
499,Sikkim,2013,3,23.6,32.1,114.7,296.5,404.9,588.4,416.3,308,199.8,16.1,2.7,2406.1,443.3,1717.6,245.2
500,Sikkim,2014,0.2,26.6,37.7,47.9,308.6,543.2,384.6,563.3,371.5,31.2,5.3,2.4,2322.5,394.2,1862.6,65.7
501,Sikkim,2015,15.7,15,64.8,149,304.6,508.2,393.3,626.6,354.9,53.6,23.8,9,2518.5,518.4,1883,117.1
502,Sikkim,2016,20.7,7.1,98.9,101.4,233.7,570.8,732.1,209.9,494.3,155.6,0,0.3,2624.8,434,2007.1,183.7
503,Sikkim,2017,3,5.1,84.6,146.8,226.8,400.6,478.6,777.9,390.1,166.5,3.8,1,2684.8,458.2,2047.2,179.4
504,Tamil Nadu,1997,7.7,0.2,2.3,42,49.2,50.4,63.5,56.4,116,169.5,258.1,135.2,950.5,93.5,286.3,570.7
505,Tamil Nadu,1998,6.9,5.7,4.1,23.6,55.8,43,101.9,152.9,121.8,124.7,242,197.4,1079.8,83.5,419.6,576.7
506,Tamil Nadu,1999,8.3,24.1,3.9,56.9,74.5,46.4,55.3,74.8,73.1,268.9,182.8,53.6,922.6,135.3,249.6,537.7
507,Tamil Nadu,2000,30.3,74.5,9.4,41.6,54.7,52.2,45.8,136.1,169.8,120.3,148.6,88.9,972.2,105.7,403.9,462.6
508,Tamil Nadu,2001,21.8,10.9,13,93.8,45,39.9,37.2,18.7,53.8,69.5,52.3,27.6,483.5,151.8,149.6,182.1
509,Tamil Nadu,2002,2.9,22.1,3.9,9.2,32.6,23.7,11.8,26.5,32.2,93.7,47.2,12.2,318,45.7,94.2,178.1
510,Tamil Nadu,2003,0.3,4.1,18,17.1,19.8,22.5,38.7,49.3,26.1,86,59.5,7.1,348.5,54.9,136.6,157
511,Tamil Nadu,2004,2.8,0.7,3,16.2,101.1,21.2,98.6,85.1,208.3,271.1,204.5,25,1037.6,120.3,413.2,504.1
512,Tamil Nadu,2005,4.1,11.1,24.4,128,80.6,35.7,87.9,93.3,117.9,280.5,353.4,148.5,1365.4,233,334.8,797.6
513,Tamil Nadu,2006,15.3,0.2,52.4,32.6,65.2,57.2,33.6,73.4,116.3,240.4,215.1,26.1,927.8,150.2,280.5,497.1
514,Tamil Nadu,2007,7.2,7.5,1.8,58,44.9,73.1,101,136.5,89.1,248.9,79.2,219.9,1067.1,104.7,399.7,562.7
515,Tamil Nadu,2008,11.7,29.1,164.7,31.5,53.7,51.1,73.1,126.5,70.7,242.7,298.5,50.1,1203.4,249.9,321.4,632.1
516,Tamil Nadu,2009,7.9,0,41,41.4,74.8,27,42.1,96.9,114.4,62.1,314.7,106.2,928.5,157.2,280.4,490.9
517,Tamil Nadu,2010,11.8,0.2,1.9,22.9,91.9,70,81.4,102.9,111.1,148.1,328.6,124.5,1095.3,116.7,365.4,613.2
518,Tamil Nadu,2011,4.3,11.2,8,91.5,33.4,56,45.5,128.9,76,200.4,230.5,41,926.7,132.9,306.4,487.4
519,Tamil Nadu,2012,3,0.1,2.5,35.5,41.9,30.1,46.5,98,84.9,235.2,44.5,14,636.2,79.9,259.5,296.8
520,Tamil Nadu,2013,3.9,30.9,30,20.3,42,54.6,42.7,110.7,113.5,127.9,112.3,53.2,742,92.3,321.5,328.2
521,Tamil Nadu,2014,7.4,6.1,8.1,8.3,139.1,47.8,50.6,117.7,98.9,252.2,110.8,66,913,155.5,315,442.5
522,Tamil Nadu,2015,8.3,2.3,21.7,108.8,112.4,62.4,43.5,81.6,98.4,132.6,379.8,152.8,1204.6,242.9,285.9,675.8
523,Tamil Nadu,2016,2.5,0.8,3.1,6.3,102.5,63,86.8,55.1,49,65.8,33.8,66.5,535.2,111.9,253.9,169.4
524,Tamil Nadu,2017,37.3,1.1,35.4,17.3,73.5,47.9,42,159.4,165.3,155.5,141.5,96.8,973,126.2,414.6,432.2
525,Telangana,1997,22.6,0.9,20.2,43.4,21.3,85.5,156.7,154.5,169.1,87.9,46.9,46.9,855.9,84.9,565.8,205.2
526,Telangana,1998,5.2,22.2,15.2,15.5,27.9,149.4,264,290.5,209.3,79.4,14.5,0,1093.1,58.6,913.2,121.3
527,Telangana,1999,0,9.3,4.6,1.7,74.8,141.6,205.2,190.9,177.6,55.7,2.2,0,863.6,81.1,715.3,67.2
528,Telangana,2000,0.6,16.8,1,16.3,48.8,253.2,220.9,420.5,70.7,20.2,6.4,2.5,1077.9,66.1,965.3,46.5
529,Telangana,2001,8.5,0,21.5,37.3,7.5,183.9,123.8,266.8,119.9,135.6,17.4,0,922.2,66.3,694.4,161.5
530,Telangana,2002,18.8,10.1,7.6,7.7,32,143.2,91.7,321.7,52.4,76.2,3.9,0,765.3,47.3,609,109
531,Telangana,2003,0,10.7,21.9,14,7.9,112.6,312.2,266.5,103.2,101.7,7.3,5.3,963.3,43.8,794.5,125
532,Telangana,2004,34.4,17.9,9.3,25.9,34.6,64.6,216.7,117.7,110.1,30.6,5.3,0,667.1,69.8,509.1,88.2
533,Telangana,2005,43.4,14.1,14.6,23.8,19.7,115.1,400.3,126.9,246.3,136.1,3.9,18.8,1163,58.1,888.6,216.3
534,Telangana,2006,0,0,42.7,38.6,46.1,104.8,169.5,308.2,280.2,28.1,34.7,0,1052.9,127.4,862.7,62.8
535,Telangana,2007,0,0,0.1,0.1,9.2,176.6,134.6,206.6,262.3,40.8,13,0,843.3,9.4,780.1,53.8
536,Telangana,2008,0.2,18.6,108.6,15.7,4.9,132.9,183.4,391.8,146.7,24.2,7.5,0.8,1035.3,129.2,854.8,51.3
537,Telangana,2009,0,0,2.1,4.5,13.1,85.8,118.4,192.3,149.7,69.5,29.6,1.2,666.2,19.7,546.2,100.3
538,Telangana,2010,10.3,5.3,1.5,5.6,24.9,127,395.5,308.1,249.8,98.7,40.5,9.3,1276.5,32,1080.4,164.1
539,Telangana,2011,0,11.9,2.6,25.6,9.3,83.9,268.2,225.9,107.6,13.9,4.2,0,753.1,37.5,685.6,30
540,Telangana,2012,6.7,0,0.2,14,8.4,124.4,300.3,229.9,202.4,83.6,38.7,0,1008.6,22.6,857,129
541,Telangana,2013,2.4,29,0.2,24.4,8.5,213.4,453.8,230.6,161.4,205.9,16.4,2.7,1348.7,33.1,1059.2,256.4
542,Telangana,2014,0.2,2.9,58.3,10.3,73.3,62.3,146,205.2,146.8,29.6,10.8,0.7,746.4,141.9,560.3,44.2
543,Telangana,2015,17.5,0,43,65.7,23.3,266.9,104.4,160.5,158.3,15.6,0.3,1.7,857.2,132,690.1,35.1
544,Telangana,2016,1.2,0.2,11.5,4.3,55.1,194,235.8,133.7,336.3,70.4,0.5,0.4,1043.4,70.9,899.8,72.7
545,Telangana,2017,0,0,8.7,3.2,22.4,202.2,143.2,204.2,115.3,114.6,1.9,0,815.7,34.3,664.9,116.5
546,Tripura,1997,11.3,23.7,134.4,112,255,334,598.5,273.9,361.6,48.6,17.8,41.3,2212.1,501.4,1568,142.7
547,Tripura,1998,28.1,31.6,136.4,164.6,352.2,297.6,480.6,367.3,222.3,97.9,46.5,0.3,2225.4,653.2,1367.8,204.4
548,Tripura,1999,2.2,0,33.5,26.3,397.5,358.4,422.7,391.3,338.5,227.7,16.5,18.3,2232.9,457.3,1510.9,264.7
549,Tripura,2000,22.5,26.1,129.1,214.2,403.6,325.4,269.2,465,298.3,185.2,24.2,1.1,2363.9,746.9,1357.9,259.1
550,Tripura,2001,1.5,46.9,38.8,83.6,313.8,478,322.6,263,269,266.4,65.4,0.2,2149.2,436.2,1332.6,380.4
551,Tripura,2002,18.6,3.9,62.7,143.8,438.7,351.6,462.2,358.4,225.7,98.9,71.9,6,2242.4,645.2,1397.9,199.3
552,Tripura,2003,3.8,11.5,78,158.9,265.6,590.9,262.4,281.7,288.4,175.1,5.1,40.9,2162.3,502.5,1423.4,236.4
553,Tripura,2004,4.8,2.7,11,341.5,211,449.2,558.6,284.3,351,132.7,6.4,0.5,2353.7,563.5,1643.1,147.1
554,Tripura,2005,6.4,15,118.6,98.1,237,212.3,301.5,334.8,292.6,194.3,15.6,10.5,1836.7,453.7,1141.2,241.8
555,Tripura,2006,0.6,12.4,5.5,111.1,382.2,445.6,335,241.6,231.1,90.4,13,3.7,1872.2,498.8,1253.3,120.1
556,Tripura,2007,7.9,54.7,28.7,220.4,276.7,446.3,430,373.8,426.6,180.5,82.6,10.1,2538.3,525.8,1676.7,335.8
557,Tripura,2008,30.7,13.8,49.6,54.9,200.8,327.4,333.3,358.6,223.7,150.2,4.7,1.2,1748.9,305.3,1243,200.6
558,Tripura,2009,0,3.2,27.5,93.1,209.5,271.9,295.8,380.9,271.3,158.2,26.1,0.2,1737.7,330.1,1219.9,187.7
559,Tripura,2010,1,7.9,85.8,161.5,294,411.6,367.5,393.2,309.8,220.2,9.2,33.5,2295.2,541.3,1482.1,271.8
560,Tripura,2011,12.6,3.6,51.4,81.1,334.9,374.2,313.3,367.6,258.3,92.6,2.4,0.2,1892.2,467.4,1313.4,111.4
561,Tripura,2012,24.5,10.2,20.3,243.5,163.5,396.2,280.1,342.7,248.7,160.9,32,0.4,1923,427.3,1267.7,228
562,Tripura,2013,0.2,5.7,19.7,60.3,348.9,206.6,255.9,291.3,241.4,125.6,0.3,1.2,1557.1,428.9,995.2,133
563,Tripura,2014,1.2,21,25.4,49.6,192.5,268.3,295.7,372.3,300.9,69.6,3.3,0.1,1599.9,267.5,1237.2,95.2
564,Tripura,2015,14.4,14.2,21.6,253.5,198.3,283.9,413.6,334.2,255.9,118.7,3.9,10,1922.2,473.4,1287.6,161.2
565,Tripura,2016,8.5,33.5,57.6,135.4,285.7,287.8,326.2,319,296,114.7,90.3,1.7,1956.4,478.7,1229,248.7
566,Tripura,2017,0.8,11.9,125.3,277.6,196.7,502.7,431.5,543.3,352.2,287.6,7.6,68.1,2805.3,599.6,1829.7,376
567,Uttar Pradesh,1997,4.9,0.55,1.5,16.25,19.3,74.7,263.5,38.05,28.05,7.8,3.65,11.1,469.35,37.05,404.3,28
568,Uttar Pradesh,1998,6.4,8.35,18.85,7.8,15.25,63.4,245.85,295.35,74,27.05,1.85,0,764.15,41.9,678.6,43.65
569,Uttar Pradesh,1999,14,3.95,0,0.1,15.95,89.45,234.65,221,236.35,52.2,0.55,1.35,869.55,16.05,781.45,72.05
570,Uttar Pradesh,2000,5.7,14.1,2.3,6.3,31.1,171.05,246.05,221.8,150.9,0.65,9.05,0.1,859.1,39.7,789.8,29.6
571,Uttar Pradesh,2001,1.8,1.85,1.95,8.1,28.15,196.7,288,154,89.4,45.8,1.95,0.05,817.75,38.2,728.1,51.45
572,Uttar Pradesh,2002,15.9,31.85,1.3,1.6,25.35,39.8,65.65,232.2,222.4,13.65,0.9,6.6,657.2,28.25,560.05,68.9
573,Uttar Pradesh,2003,16.2,38.65,2.55,6.6,3.95,99.5,285.4,257.8,345.2,4.15,0.4,11.45,1071.85,13.1,987.9,70.85
574,Uttar Pradesh,2004,21.7,1.25,0,14.35,23.75,110.15,171.85,199.05,105.25,46.75,0.4,0.15,694.65,38.1,586.3,70.25
575,Uttar Pradesh,2005,12.05,15.95,16.45,1.05,7.45,62.3,294.25,161.65,161.1,13.85,0,1.75,747.85,24.95,679.3,43.6
576,Uttar Pradesh,2006,0.25,0,15.45,5.9,30.6,87,255.35,112.4,58.6,12.9,0.95,1.25,580.65,51.95,513.35,15.35
577,Uttar Pradesh,2007,0.25,56.75,31.6,2.05,19.65,76.45,210.15,166.3,84.25,8.2,0,1.25,656.9,53.3,537.15,66.45
578,Uttar Pradesh,2008,2,1.3,0.1,3.5,20.45,208.75,300.05,228.5,101.8,7.7,2.3,0,876.45,24.05,839.1,13.3
579,Uttar Pradesh,2009,0.65,2.5,1,4.65,17.8,23.5,133.85,180.75,132.5,70.1,9.4,2.9,579.6,23.45,470.6,85.55
580,Uttar Pradesh,2010,2.7,11.85,0.1,0.2,12,18.2,251.4,214.85,224.2,10.1,8.65,2.1,756.35,12.3,708.65,35.4
581,Uttar Pradesh,2011,1.55,6.55,2.75,2.85,30.9,169.85,206.9,232.2,124.05,0.65,0.25,0.75,779.25,36.5,733,9.75
582,Uttar Pradesh,2012,17.4,0.65,2.4,3.75,0.25,11.25,189.65,152.55,116.1,0.6,0.2,1.35,496.15,6.4,469.55,20.2
583,Uttar Pradesh,2013,13.25,64.55,3.1,5.15,1.6,250.15,231.95,266.6,65.2,79.3,1.1,5,986.95,9.85,813.9,163.2
584,Uttar Pradesh,2014,47.85,27.6,19,3.5,10.85,34.9,188.05,109.55,95.7,44.65,0,12.35,594,33.35,428.2,132.45
585,Uttar Pradesh,2015,30.8,5.65,57.5,22.1,8.35,83.65,186.6,159.65,24.2,9.35,1.25,3.95,593.05,87.95,454.1,51
586,Uttar Pradesh,2016,3.7,1.65,9.95,0.25,33.8,68.55,345.3,203.65,97.7,17.75,0,0,782.3,44,715.2,23.1
587,Uttar Pradesh,2017,15.85,0.6,6.4,1.7,19.65,67.95,254.95,157.45,112.95,1.8,0,0.8,640.1,27.75,593.3,19.05
588,Uttarakhand,1997,42.1,14.9,31.2,90.5,56.1,129.8,290,73.3,36.4,9.9,10.8,18.5,803.5,177.8,529.5,96.2
589,Uttarakhand,1998,9.6,68.4,106.2,73,78.5,163.3,242.9,260,120,75.5,1.2,0,1198.6,257.7,786.2,154.7
590,Uttarakhand,1999,33,11.4,1.4,1.2,50.5,158.9,389,285.5,217.9,32,0.1,4.7,1185.6,53.1,1051.3,81.2
591,Uttarakhand,2000,29.9,69.4,37.9,18.1,83.3,313.9,420.1,536.1,195.3,1.1,7,0.7,1712.8,139.3,1465.4,108.1
592,Uttarakhand,2001,22.7,27.9,83.4,48.2,109.1,297.3,493,371.7,68.3,6.3,1.4,15.1,1544.4,240.7,1230.3,73.4
593,Uttarakhand,2002,53.8,123.2,100,76.3,82.3,139.6,205.7,465.4,301.3,19.9,3,4.2,1574.7,258.6,1112,204.1
594,Uttarakhand,2003,40.7,126,99.7,54.1,67.1,145.2,515.3,416.2,239.9,1.8,4.8,23.6,1734.4,220.9,1316.6,196.9
595,Uttarakhand,2004,58.5,11.7,0,51.5,66,130.7,400.9,326.3,96.8,70.7,0.8,5.7,1219.6,117.5,954.7,147.4
596,Uttarakhand,2005,64.1,83.2,54.2,12.8,52.1,74,400.1,249.2,337.9,14.1,2.2,4.3,1348.2,119.1,1061.2,167.9
597,Uttarakhand,2006,48.7,9.6,71.7,52.2,120.5,104.2,345.6,294.7,79.1,18.8,6.8,27,1178.9,244.4,823.6,110.9
598,Uttarakhand,2007,1.7,138.9,123.1,41.1,78.8,139.9,522.9,502.8,325.6,25.1,7.8,16.7,1924.4,243,1491.2,190.2
599,Uttarakhand,2008,55.6,11.7,18.1,93,67.3,332.4,313.3,245.8,190.8,23.1,11.9,0.6,1363.6,178.4,1082.3,102.9
600,Uttarakhand,2009,1.8,27.6,18.8,18.4,77.6,41.9,157.5,202.6,206.6,81.3,12.6,0.9,847.6,114.8,608.6,124.2
601,Uttarakhand,2010,11.4,62.1,3.8,13.8,47,72.7,455.8,335.7,389.7,8,4.5,19.5,1424,64.6,1253.9,105.5
602,Uttarakhand,2011,30.9,65.2,18,30.9,84.2,223.1,433.3,523.7,148.4,3.4,1.2,2.3,1564.6,133.1,1328.5,103
603,Uttarakhand,2012,38.8,11.9,28.1,39.2,9.1,46,387.1,419.5,220.6,4.7,3.4,15.5,1223.9,76.4,1073.2,74.3
604,Uttarakhand,2013,73,188.3,22,24.7,18.2,488.9,413.4,359.4,111.3,29.1,3.2,3.8,1735.3,64.9,1373,297.4
605,Uttarakhand,2014,45.9,99.9,68.4,37.6,52.9,62.9,462.7,264.2,107.9,40.8,0,44.3,1287.5,158.9,897.7,230.9
606,Uttarakhand,2015,54.5,62.6,127.3,57.3,38,186.6,337,305.3,52.6,16.8,2.4,7.2,1247.6,222.6,881.5,143.5
607,Uttarakhand,2016,5.4,29.3,45.8,9.9,99.3,174.4,508.4,308.5,111.4,12.7,0,3.5,1308.6,155,1102.7,50.9
608,Uttarakhand,2017,36.6,13.5,44.5,52.8,108.2,175.6,460.9,349,213.4,2.8,0.2,18.3,1475.8,205.5,1198.9,71.4
609,West Bengal,1997,18.8,27.45,60.3,110.65,132.55,416.45,462.7,433.15,343.95,34.55,23.4,40.7,2104.65,303.5,1656.25,144.9
610,West Bengal,1998,33.25,34,126.95,103.55,170.65,403.65,574.9,563.05,387.6,200.25,45.1,1.05,2644,401.15,1929.2,313.65
611,West Bengal,1999,4.4,3.45,9.75,83.25,276.65,409.65,618.45,563.5,435.95,220.65,12.2,2.25,2640.15,369.65,2027.55,242.95
612,West Bengal,2000,10.1,47.05,29.45,119.55,270.75,427.6,457.9,338.25,447.1,79.55,12.1,0.65,2240.05,419.75,1670.85,149.45
613,West Bengal,2001,2.15,11.2,41.5,92.1,261.5,428.2,334.15,336.6,320.4,223.2,22.7,2.95,2076.65,395.1,1419.35,262.2
614,West Bengal,2002,28.2,5.75,61.1,157.25,147.9,377.45,512.45,347.95,333.25,73.6,29.8,5.45,2080.15,366.25,1571.1,142.8
615,West Bengal,2003,8.75,45.45,80.05,103.85,146.8,398.55,478.2,296.65,238.2,282.25,12.65,18.45,2109.85,330.7,1411.6,367.55
616,West Bengal,2004,11.6,6.55,27.7,113.15,180.2,388.5,495.1,373.15,329.5,209.55,4.5,2.6,2142.1,321.05,1586.25,234.8
617,West Bengal,2005,23.15,16.4,107.45,98.65,168.2,323.3,529.4,395.6,225.6,311.4,4.4,2.7,2206.25,374.3,1473.9,358.05
618,West Bengal,2006,0.75,10,25.2,89.9,195.65,333.6,478.4,307.65,418.85,84.05,13.1,4.1,1961.25,310.75,1538.5,112
619,West Bengal,2007,3.5,68.65,42.95,99.4,156.9,355.7,648.2,370.2,459.25,67.65,16.7,1,2290.1,299.25,1833.35,157.5
620,West Bengal,2008,41.3,17.25,45.65,92.3,132.9,470.5,498.05,444.25,282,85.1,8.45,4.85,2122.6,270.85,1694.8,156.95
621,West Bengal,2009,4.2,20.85,36.45,58.9,268.85,210.15,366.85,450.55,234.6,156.2,9.25,2.95,1819.8,364.2,1262.15,193.45
622,West Bengal,2010,2.9,14.95,42.8,96.25,231.7,373.7,394.85,326.95,250.35,81.2,7.1,15.95,1838.7,370.75,1345.85,122.1
623,West Bengal,2011,5.5,11.3,55.85,105,190.2,427.15,416.1,456.75,326.1,41.8,14,2.85,2052.6,351.05,1626.1,75.45
624,West Bengal,2012,28,14.6,24.95,108.75,123.3,375.4,499.75,297.05,340.8,91.8,29.75,16,1950.15,257,1513,180.15
625,West Bengal,2013,2.75,16.8,18.45,80.15,246.2,319.15,425.8,408.85,281,276.5,8.05,1.35,2085.05,344.8,1434.8,305.45
626,West Bengal,2014,0.55,34.4,28.8,24.9,216.5,368.4,341.65,427.95,300.5,44.05,2.7,1.5,1791.9,270.2,1438.5,83.2
627,West Bengal,2015,14.3,10.25,42.05,118.85,181.1,377.7,513.2,443.6,259.45,43.15,13.05,7.65,2024.35,342,1593.95,88.4
628,West Bengal,2016,15.3,22.5,56.8,53.6,172.8,371.75,533.4,313.3,364,112.7,9.6,0.15,2025.9,283.2,1582.45,160.25
629,West Bengal,2017,2.2,2.55,59.9,86.3,166.55,297.15,483.95,521.2,290.75,195.85,12.85,7.5,2126.75,312.75,1593.05,220.95
